event_id,art_code,ts_code,name,event_date,event_type,direction,relevance_score,domain_hits,title,evidence_span,event_chain_id,is_progress_update,confidence,extraction_method,review_status,eligible_for_labeling,information_trade_date
C-AN202012311445696507,AN202012311445696507,600038.SH,中直股份,2021-01-04,project_investment,positive,1.0,"[""直升机""]",600038:中航直升机股份有限公司关于中国航空科技工业股份有限公司以发行内资股方式收购事项完成的公告,"证券代码：600038     证券简称：中直股份    公告编号:2021-001



              中航直升机股份有限公司
       关于中国航空科技工业股份有限公司
      以发行内资股方式收购事项完成的公告


   本公司董事会及全体董事保证本公告内容不存在任何虚假记载、
误导性陈述或者重大遗漏，并对其内容的真实性、准确性及完整性承
担个别及连带责任。",8db8d3b0a1db26,False,0.55,rule_baseline,pending_human_review,True,2021-01-05
C-AN202101041446940189,AN202101041446940189,000099.SZ,中信海直,2021-01-05,project_investment,positive,1.0,"[""低空"", ""直升机"", ""通用航空"", ""通航"", ""飞行""]",中信海直:关于设立中信海直青岛通用航空服务有限公司的公告,"青岛作为北方重要的沿海开放城市和区域经济中心城市，凭借其独特的地理
位置优势已经成为国家通用航空产业综合示范区和低空空域开放试点城市，政府
提出了一系列支持航空产业发展的扶持政策，加之空客 H135 型直升机制造项目
落户青岛，营造了良好的通航产业发展环境。",f1d550a7d87305,False,0.55,rule_baseline,pending_human_review,True,2021-01-06
C-AN202101121449994977,AN202101121449994977,002085.SZ,万丰奥威,2021-01-13,project_investment,positive,0.55,"[""直升机"", ""通用航空""]",万丰奥威:关于子公司飞机工业设立全资子公司的公告,"飞机工业储备了大量的通用航空研发设计人才，拥有大量以航空发动机、复合材料、
新型活塞固定翼飞机设计为特色的通用飞机研发与设计技术，拥有 8 个基本型 16 个
机型和 2 款发动机的全系列的无形资产及其相关机型生产专有技术，目前正有序引
入多款机型的制造，构建国内国外遥相呼应的产业发展格局，致力于推动中国通用
航空的发展。",3e2aedad8c52f2,False,0.55,rule_baseline,pending_human_review,True,2021-01-14
C-AN202101131450177702,AN202101131450177702,002389.SZ,航天彩虹,2021-01-13,project_investment,positive,0.5,"[""无人机""]",航天彩虹:关于收到《中国证监会行政许可项目审查一次反馈意见通知书》的公告,"证券代码：002389    证券简称：航天彩虹   公告编号：2021-002

              航天彩虹无人机股份有限公司
       关于收到《中国证监会行政许可项目审查
              一次反馈意见通知书》的公告

     本公司及董事会全体成员保证信息披露内容真实、准确和完整，

没有虚假记载、误导性陈述或重大遗漏。",9e94fead611dea,False,0.55,rule_baseline,pending_human_review,True,2021-01-14
C-AN202103241475601933,AN202103241475601933,000099.SZ,中信海直,2021-03-25,project_investment,positive,1.0,"[""机场"", ""直升机"", ""航空器"", ""通用航空"", ""通航"", ""飞行""]",中信海直:关于拟通过公开摘牌方式收购华夏九州通用航空有限公司51%股权的公告,"五、收购目的及对公司的影响
  公司本次参与华夏九州股权转让项目符合公司战略发展规划和业务发展需
求，有利于优化公司业务结构，布局江西省及周边应急救援、通航维修和培训、
PMA 件研发制造及国产民机的推广等业务，推动公司业务结构多元化转型，有助
于公司资产和收入规模扩大，以及盈利能力的持续增强。",064d07c8c3e73d,False,0.55,rule_baseline,pending_human_review,True,2021-03-26
C-AN202103281477711035,AN202103281477711035,002389.SZ,航天彩虹,2021-03-29,project_investment,positive,0.5,"[""无人机""]",航天彩虹:关于《中国证监会行政许可项目审查一次反馈意见通知书》之反馈意见回复的公告,"证券代码：002389   证券简称：航天彩虹      公告编号：2021-019

           航天彩虹无人机股份有限公司
关于《中国证监会行政许可项目审查一次反馈意见通知书》之反
               馈意见回复的公告


    本公司及董事会全体成员保证信息披露内容真实、准确和完整，

 没有虚假记载、误导性陈述或重大遗漏。",eb3dcc1931c70b,False,0.55,rule_baseline,pending_human_review,True,2021-03-30
C-AN202103311479250543,AN202103311479250543,000099.SZ,中信海直,2021-04-01,project_investment,positive,1.0,"[""无人机"", ""直升机"", ""通用航空"", ""通航""]",中信海直:关于公开摘牌方式收购华夏九州通用航空有限公司51%股权的进展公告,"证券代码：000099       证券简称：中信海直    公告编号：2021-015




              中信海洋直升机股份有限公司
      关于公开摘牌方式收购华夏九州通用航空有限公司
                     51%股权的进展公告
   本公司及董事会全体成员保证信息披露的内容真实、准确和完整，没有虚
假记载、误导性陈述或重大遗漏。",b2fe02c8a76197,True,0.55,rule_baseline,pending_human_review,True,2021-04-02
C-AN202103311479337199,AN202103311479337199,688070.SH,纵横股份,2021-04-01,legal_safety_risk,negative,0.55,"[""无人机"", ""飞行""]",688070:关于诉讼进展的公告,"一、本次诉讼的基本情况
   公司于 2020 年 6 月 17 日和 6 月 18 日收到山东省济南市中级人民法院关于
案号（2020）鲁 01 民初 2216-（2020）鲁 01 民初 2220 号共计五个诉讼案件的
《开庭传票》及《民事起诉状》等相关诉讼资料，雄安远度起诉大鹏无人机及纵
横股份未经许可，制造、销售、许诺销售侵害原告涉案专利权的产品，请求法院
判令大鹏无人机及纵横股份立即停止侵权行为，并销毁被诉侵权产品库存及专用
模具，支付涉案专利临时保护期使用费及维权合理开支合计 2,000 万元。",8898895ecd418f,True,0.55,rule_baseline,pending_human_review,True,2021-04-02
C-AN202104191486430875,AN202104191486430875,000099.SZ,中信海直,2021-04-20,strategic_cooperation,positive,0.6000000000000001,"[""低空"", ""直升机"", ""通用航空""]",中信海直:关于与自贡市人民政府签订战略合作协议的公告,"证券代码：000099   证券简称：中信海直     公告编号：2021-016




            中信海洋直升机股份有限公司
    关于与自贡市人民政府签订战略合作协议的公告


  本公司及董事会全体成员保证信息披露的内容真实、准确和完整，没有虚
假记载、误导性陈述或重大遗漏。",cd3d6b534cc0c9,False,0.55,rule_baseline,pending_human_review,True,2021-04-21
C-AN202104221487054084,AN202104221487054084,000099.SZ,中信海直,2021-04-23,project_investment,positive,1.0,"[""直升机"", ""通用航空""]",中信海直:关于公开摘牌方式收购华夏九州通用航空有限公司51%股权的进展公告,"证券代码：000099     证券简称：中信海直    公告编号：2021-019




                 中信海洋直升机股份有限公司

      关于公开摘牌方式收购华夏九州通用航空有限公司

                   51%股权的进展公告


   本公司及董事会全体成员保证信息披露的内容真实、准确、完整，没有虚
假记载、误导性陈述或重大遗漏。",b2fe02c8a76197,True,0.55,rule_baseline,pending_human_review,True,2021-04-26
C-AN202106071496532496,AN202106071496532496,688070.SH,纵横股份,2021-06-08,legal_safety_risk,negative,0.5,"[""无人机""]",688070:关于诉讼进展的公告,"一、本次诉讼的基本情况
  公司于 2020 年 6 月 17 日和 6 月 18 日收到山东省济南市中级人民法院关于

案号（2020）鲁 01 民初 2216-（2020）鲁 01 民初 2220 号共计五个诉讼案件的
《开庭传票》及《民事起诉状》等相关诉讼资料，雄安远度起诉大鹏无人机及纵
横股份未经许可，制造、销售、许诺销售侵害原告涉案专利权的产品，请求法院
判令大鹏无人机及纵横股份立即停止侵权行为，并销毁被诉侵权产品库存及专用
模具，支付涉案专利临时保护期使用费及维权合理开支合计 2,000 万元。",8898895ecd418f,True,0.55,rule_baseline,pending_human_review,True,2021-06-09
C-AN202106171498393365,AN202106171498393365,002389.SZ,航天彩虹,2021-06-17,project_investment,positive,0.5,"[""无人机""]",航天彩虹:关于《中国证监会行政许可项目审查一次反馈意见通知书》之反馈意见回复修订的公告,"证券代码：002389   证券简称：航天彩虹     公告编号：2021-034

           航天彩虹无人机股份有限公司
 关于《中国证监会行政许可项目审查一次反馈意见通知书》

              之反馈意见回复修订的公告


    本公司及董事会全体成员保证信息披露内容真实、准确和完整，

 没有虚假记载、误导性陈述或重大遗漏。",5d48ec3c84c2bc,False,0.55,rule_baseline,pending_human_review,True,2021-06-18
C-AN202106161498304882,AN202106161498304882,688070.SH,纵横股份,2021-06-17,strategic_cooperation,positive,0.5,"[""无人机""]",688070:关于与华鹏飞股份有限公司签订战略合作框架协议的自愿性披露公告,"重要内容提示:

   履约的风险和重大不确定性：本次签署的《战略合作框架协议》（以下
简称“《框架协议》”）属于框架性约定，确立了双方战略合作伙伴关系，为双
方推进具体项目合作奠定了基础，但双方后续的合作以具体签订的协议为准，具
体实施内容和进度尚存在不确定性。",de931673d8cb4f,False,0.55,rule_baseline,pending_human_review,True,2021-06-18
C-AN202106211499138833,AN202106211499138833,002085.SZ,万丰奥威,2021-06-22,project_investment,positive,0.75,"[""低空"", ""机场"", ""空管"", ""航空器"", ""通用航空"", ""通航"", ""飞行""]",万丰奥威:关于奥地利钻石设立全资子公司并投资年产220架钻石飞机项目的公告,"国务院先后发布《关于加快培
育和发展战略性新兴产业的决定》、《关于深化我国低空空域管理改革的意见》、《关
于促进通用航空业发展的指导意见》、《中国民用航空发展第十三个五年规划》等政
策，到 2025 年，通用航空飞行总量、机队数量、通用机场、飞行员数量均达到一定
规模，公共服务业务加快提升，新兴消费不断增强，发展结构不断优化。",b99d44e10e8d01,False,0.55,rule_baseline,pending_human_review,True,2021-06-23
C-AN202106301500933872,AN202106301500933872,000099.SZ,中信海直,2021-07-01,project_investment,positive,0.6000000000000001,"[""机场"", ""直升机"", ""通用航空""]",中信海直:关于设立公司债券信息披露事务负责人的公告,"证券代码：000099       证券简称：中信海直   公告编号：2021-024




               中信海洋直升机股份有限公司
     关于设立公司债券信息披露事务负责人的公告

  本公司及董事会全体成员保证信息披露的内容真实、准确和完整，没有虚
假记载、误导性陈述或重大遗漏。",c694e443cec4d9,False,0.55,rule_baseline,pending_human_review,True,2021-07-02
C-AN202107211505194036,AN202107211505194036,000099.SZ,中信海直,2021-07-22,government_support,positive,1.0,"[""直升机"", ""通用航空"", ""通航""]",中信海直:关于控股子公司海直通航获得2021年通用航空发展专项资金的公告,"证券代码：000099      证券简称：中信海直      公告编号：2021-027




               中信海洋直升机股份有限公司
               关于控股子公司海直通航获得
         2021 年通用航空发展专项资金的公告
  本公司及董事会全体成员保证信息披露的内容真实、准确和完整，没有虚
假记载、误导性陈述或重大遗漏。",a7ed070fd59752,False,0.55,rule_baseline,pending_human_review,True,2021-07-23
C-AN202107221505426882,AN202107221505426882,002389.SZ,航天彩虹,2021-07-23,strategic_cooperation,positive,1.0,"[""低空"", ""无人机"", ""机场"", ""通用航空"", ""通航"", ""飞行""]",航天彩虹:关于与长沙市人民政府签署《彩虹无人机通用航空产业化项目合作框架协议》的公告,"证券代码：002389    证券简称：航天彩虹   公告编号：2021-044

              航天彩虹无人机股份有限公司
              关于与长沙市人民政府签署
 《彩虹无人机通用航空产业化项目合作框架协议》的公告

   本公司及董事会全体成员保证信息披露内容真实、准确和完整，
没有虚假记载、误导性陈述或重大遗漏。",3d38628d8b9e98,False,0.55,rule_baseline,pending_human_review,True,2021-07-26
C-AN202108201511232306,AN202108201511232306,600038.SH,中直股份,2021-08-21,market_risk,negative,0.7500000000000001,"[""直升机""]",600038:中航直升机股份有限公司股票交易异常波动公告,"（二）重大事项情况
  经本公司自查并向控股股东中国航空科技工业股份有限公司和
实际控制人中国航空工业集团有限公司书面函证，截至本公告披露日，
公司、控股股东和实际控制人均不存在影响公司股票交易异常波动的
重大事项及应披露而未披露的重大信息，包括但不限于重大资产重组、
股份发行、收购、债务重组、业务重组、资产剥离、资产注入、股份
回购、股权激励、破产重整、重大业务合作和引进战略投资者等情形。",fcd90127487f82,False,0.55,rule_baseline,pending_human_review,True,2021-08-23
C-AN202109061514610603,AN202109061514610603,002389.SZ,航天彩虹,2021-09-07,project_investment,positive,0.5,"[""无人机""]",航天彩虹:关于投资年产1.4亿平方米功能性光学薄膜材料建设项目的公告,"证券代码：002389   证券简称：航天彩虹   公告编号：2021-056

         航天彩虹无人机股份有限公司
关于投资年产1.4亿平方米功能性光学薄膜材料建设项目
            的公告

   本公司及董事会全体成员保证信息披露内容真实、准确和完

整，没有虚假记载、误导性陈述或重大遗漏。",cb97e147c8c9b8,False,0.55,rule_baseline,pending_human_review,True,2021-09-08
C-AN202201031538304399,AN202201031538304399,000801.SZ,四川九洲,2022-01-04,project_investment,positive,0.5,"[""无人机""]",四川九洲:四川九洲关于控股子公司参与设立投资基金暨关联交易的公告,"一、对外投资概述
  （一）概述
  四川九洲电器股份有限公司（以下简称“公司”）于 2021 年 12
月 31 日召开第十二届董事会第四次会议，审议通过了《关于控股子
公司参与设立投资基金暨关联交易的议案》，公司控股子公司深圳市

九洲电器有限公司（以下简称“深九电器”）拟与四川九洲投资控股
集团有限公司（以下简称“九洲集团”）、四川九洲创业投资有限责
任公司（以下简称“九洲创投”）、四川九洲君合股权投资基金管理
有限公司（以下简称“九洲君合”）签订《九洲君信投资基金合伙企
业（有限合伙）合伙协议》，拟共同投资设立九洲君信投资基金合伙
企业（有限合伙）（以工商登记为准）。",d06ec40aeb8290,False,0.55,rule_baseline,pending_human_review,True,2022-01-05
C-AN202201051538613576,AN202201051538613576,000099.SZ,中信海直,2022-01-06,government_support,positive,1.0,"[""机场"", ""直升机"", ""通用航空"", ""通航""]",中信海直:关于控股子公司海直通航获得2022年通用航空发展专项资金的公告,"根据《通用航空发展专项资金管理暂行办法》《财政部关于提前下达2022年
民航发展基金用于民航基础设施建设和机场航线补贴资金预算的通知》（财建
〔2021〕351号）相关规定，中信海洋直升机股份有限公司控股子公司海直通用
航空有限责任公司（下称“海直通航”）申请2022年通用航空发展专项资金补贴
（2020年7月—2021年6月）。",a7ed070fd59752,False,0.55,rule_baseline,pending_human_review,True,2022-01-07
C-AN202202231548709008,AN202202231548709008,600038.SH,中直股份,2022-02-24,project_investment,positive,1.0,"[""直升机"", ""航空器"", ""通用航空"", ""飞行""]",600038:中航直升机股份有限公司收购报告书摘要,"收购人
控股股东、实际控制人的股权控制关系如下图所示：
                             5
中航直升机股份有限公司                       收购报告书摘要




      （三）收购人控股股东主要下属企业及其主营业务的情况

     中航科工控股股东航空工业集团直接控制的主要二级单位主要从事航空武
器装备、军用运输类飞机、直升机、机载系统、通用航空、航空研究、飞行试
验、航空供应链与军贸、专用装备、汽车零部件、资产管理、金融、工程建设
等产业。",268086a225892a,False,0.55,rule_baseline,pending_human_review,True,2022-02-25
C-AN202202281549725953,AN202202281549725953,600038.SH,中直股份,2022-03-01,project_investment,positive,1.0,"[""直升机"", ""航空器"", ""通用航空"", ""飞行""]",600038:中航直升机股份有限公司收购报告书,"收购人
控股股东、实际控制人的股权控制关系如下图所示：
                              6
中航直升机股份有限公司                             收购报告书




      （三）收购人控股股东主要下属企业及其主营业务的情况

  中航科工控股股东航空工业集团直接控制的主要二级单位主要从事航空武
器装备、军用运输类飞机、直升机、机载系统、通用航空、航空研究、飞行试
验、航空供应链与军贸、专用装备、汽车零部件、资产管理、金融、工程建设
等产业。",0515841eeb8b26,False,0.55,rule_baseline,pending_human_review,True,2022-03-02
C-AN202203141552614058,AN202203141552614058,002389.SZ,航天彩虹,2022-03-15,project_investment,positive,0.5,"[""无人机""]",航天彩虹:关于控股子公司投资年产5000万平方米反射膜生产线工程建设项目的进展公告,"证券代码：002389    证券简称：航天彩虹   公告编号：2022-016

          航天彩虹无人机股份有限公司
  关于控股子公司投资年产5000万平方米反射膜生产线
              工程建设项目的进展公告

   本公司及董事会全体成员保证信息披露内容真实、准确和完整，

没有虚假记载、误导性陈述或重大遗漏。",3aa90034c6dd24,True,0.55,rule_baseline,pending_human_review,True,2022-03-16
C-AN202204061557651847,AN202204061557651847,002389.SZ,航天彩虹,2022-04-07,order_contract,positive,0.6000000000000001,"[""无人机"", ""机场"", ""飞行""]",航天彩虹:关于中标四川省林业和草原局航空消防服务项目的提示性公告,"证券代码：002389    证券简称：航天彩虹   公告编号：2022-024

              航天彩虹无人机股份有限公司
关于中标四川省林业和草原局航空消防服务项目的提示性公告


   本公司及董事会全体成员保证信息披露内容真实、准确和完整，

没有虚假记载、误导性陈述或重大遗漏。",e18aa1bf5a5be2,False,0.55,rule_baseline,pending_human_review,True,2022-04-08
C-AN202204131559040871,AN202204131559040871,002085.SZ,万丰奥威,2022-04-14,project_investment,positive,0.5,"[""航空器""]",万丰奥威:关于年产220架钻石飞机项目变更投资主体等相关事项的公告,"一、投资概述
   浙江万丰奥威汽轮股份有限公司（以下简称“公司”）于 2021 年 6 月 21 日召开
了第七届董事会第九次会议，审议通过了《关于奥地利钻石在青岛设立全资子公司
并投资年产 220 架钻石飞机项目的议案》，同意公司子公司奥地利钻石飞机工业有限
公司（以下简称“奥地利钻石”）在青岛设立全资子公司并投资年产 220 架钻石飞机
项目，项目投资总额 20,000 万元（其中注册资金 15,000 万元，由奥地利钻石全额出
资，其余资金由其自行解决）。",be87eaf7a269af,False,0.55,rule_baseline,pending_human_review,True,2022-04-15
C-AN202204251561508387,AN202204251561508387,002085.SZ,万丰奥威,2022-04-26,project_investment,positive,0.55,"[""航空器"", ""通航""]",万丰奥威:关于年产220架钻石飞机项目实施主体设立的进展公告,"股票代码：002085           股票简称：万丰奥威        公告编号：2022-012



              浙江万丰奥威汽轮股份有限公司

     关于年产220架钻石飞机项目实施主体设立的进展公告


  本公司及董事会全体成员保证信息披露的内容真实、准确、完整，没有虚假记
载、误导性陈述或重大遗漏。",e3e46bfe326023,True,0.55,rule_baseline,pending_human_review,True,2022-04-27
C-AN202212231581330864,AN202212231581330864,600038.SH,中直股份,2022-12-24,project_investment,positive,1.0,"[""直升机"", ""飞行""]",中直股份:中航直升机股份有限公司关于筹划重大资产重组事项的停牌公告,"证券代码：600038      证券简称：中直股份       公告编号：2022-045



               中航直升机股份有限公司
              关于筹划重大资产重组停牌公告


    本公司董事会及全体董事保证本公告内容不存在任何虚假记载、误导性
 陈述或者重大遗漏，并对其内容的真实性、准确性和完整性承担法律责任。",5c491c1c25abeb,False,0.55,rule_baseline,pending_human_review,True,2023-01-10
C-AN202212301581531280,AN202212301581531280,600038.SH,中直股份,2022-12-31,project_investment,positive,1.0,"[""直升机""]",中直股份:中航直升机股份有限公司关于筹划重大资产重组的停牌进展公告(2022/12/31),"证券代码：600038     证券简称：中直股份       公告编号：2022-046



              中航直升机股份有限公司
         关于筹划重大资产重组的停牌进展公告


    本公司董事会、全体董事保证本公告内容不存在任何虚假记载、误导性
 陈述或者重大遗漏，并对其内容的真实性、准确性和完整性承担法律责任。",a69701c577b365,True,0.55,rule_baseline,pending_human_review,True,2023-01-10
C-AN202301021581629275,AN202301021581629275,002389.SZ,航天彩虹,2023-01-03,order_contract,positive,1.0,"[""无人机"", ""飞行""]",航天彩虹:关于签署无人机销售合同暨关联交易的公告,"证券代码：002389    证券简称：航天彩虹   公告编号：2023-004

              航天彩虹无人机股份有限公司
      关于签署无人机销售合同暨关联交易的公告

   本公司及董事会全体成员保证信息披露的内容真实、准确和完整，

没有虚假记载、误导性陈述或重大遗漏。",81e9778a64f80f,False,0.55,rule_baseline,pending_human_review,True,2023-01-04
C-AN202301061581766041,AN202301061581766041,600038.SH,中直股份,2023-01-07,project_investment,positive,1.0,"[""直升机"", ""航空器"", ""通用航空""]",中直股份:中航直升机股份有限公司关于筹划重大资产重组的停牌进展公告(2023/01/07),"证券代码：600038       证券简称：中直股份         公告编号：2023-001



              中航直升机股份有限公司
        关于筹划重大资产重组的停牌进展公告


    本公司董事会、全体董事保证本公告内容不存在任何虚假记载、误导
 性陈述或者重大遗漏，并对其内容的真实性、准确性和完整性承担法律责
 任。",46c34b611368e6,True,0.55,rule_baseline,pending_human_review,True,2023-01-10
C-AN202301091581821407,AN202301091581821407,600038.SH,中直股份,2023-01-10,project_investment,positive,1.0,"[""直升机""]",中直股份:中航直升机股份有限公司董事会关于本次重大资产重组履行法定程序的完备性、合规性及提交的法律文件的有效性的说明,"中航直升机股份有限公司董事会

       关于本次重大资产重组履行法定程序的完备性、合规性

             及提交的法律文件的有效性的说明

   中航直升机股份有限公司（以下简称“公司”）拟发行股份购买昌河飞机工业
（集团）有限责任公司和哈尔滨飞机工业集团有限责任公司100%股权并募集配套资
金（以下合称“本次交易”）。",7dc7155dc0a589,False,0.55,rule_baseline,pending_human_review,True,2023-01-11
C-AN202301091581821417,AN202301091581821417,600038.SH,中直股份,2023-01-10,project_investment,positive,0.55,"[""直升机""]",中直股份:中航直升机股份有限公司董事会关于本次交易符合《上市公司重大资产重组管理办法》第十一条及第四十三条规定的说明,"中航直升机股份有限公司董事会
 关于本次交易符合《上市公司重大资产重组管理办法》
         第十一条及第四十三条规定的说明

  中航直升机股份有限公司（以下简称“公司”或“上市公司”）拟发行股份
购买昌河飞机工业（集团）有限责任公司和哈尔滨飞机工业集团有限责任公司（以
下简称“标的公司”）100%股权并募集配套资金（以下合称“本次交易”）。",4cdd7f8ce9f8a6,False,0.55,rule_baseline,pending_human_review,True,2023-01-11
C-AN202301091581821412,AN202301091581821412,600038.SH,中直股份,2023-01-10,project_investment,positive,1.0,"[""直升机""]",中直股份:中航直升机股份有限公司关于披露重组预案的一般风险提示暨公司股票复牌公告,"证券代码：600038            股票简称：中直股份              编号：2023-002



                 中航直升机股份有限公司
     关于披露重组预案的一般风险提示暨公司股票复牌公告


         本公司董事会及全体董事保证本公告内容不存在任何虚假记载、误导
     性陈述或者重大遗漏，并对其内容的真实性、准确性和完整性承担法律责
     任。",31766a68d1621b,False,0.55,rule_baseline,pending_human_review,True,2023-01-11
C-AN202301091581821419,AN202301091581821419,600038.SH,中直股份,2023-01-10,project_investment,positive,1.0,"[""直升机""]",中直股份:中航直升机股份有限公司董事会关于本次重大资产重组不构成重组上市的说明,"中航直升机股份有限公司董事会

          关于本次交易不构成重组上市的说明

  中航直升机股份有限公司（以下简称“公司”）拟发行股份购买昌河飞机工业
（集团）有限责任公司和哈尔滨飞机工业集团有限责任公司100%股权并募集配套资
金（以下合称“本次交易”）。",729a6aa52af0d2,False,0.55,rule_baseline,pending_human_review,True,2023-01-11
C-AN202301091581821404,AN202301091581821404,600038.SH,中直股份,2023-01-10,project_investment,positive,1.0,"[""直升机""]",中直股份:中航直升机股份有限公司董事会关于本次交易相关主体不存在《上市公司监管指引第7号—上市公司重大资产重组相关股票异常交易监管》第十三条规定情形的说明,"中航直升机股份有限公司董事会

关于本次交易相关主体不存在《上市公司监管指引第 7 号—上市公司

重大资产重组相关股票异常交易监管》第十三条规定情形的说明

  中航直升机股份有限公司（以下简称“公司”）拟发行股份购买昌河飞机工
业（集团）有限责任公司和哈尔滨飞机工业集团有限责任公司 100%股权并募集
配套资金（以下合称“本次交易”）。",f40cc43b461a28,False,0.55,rule_baseline,pending_human_review,True,2023-01-11
C-AN202301091581821420,AN202301091581821420,600038.SH,中直股份,2023-01-10,project_investment,positive,1.0,"[""直升机""]",中直股份:中航直升机股份有限公司董事会关于本次重大资产重组采取的保密措施及保密制度的说明,"5．为避免因内幕信息泄露造成公司股价异常波动，公司向上海证券交易所申请
股票停牌，公司股票自2022年12月26日开市起停牌，并披露了《关于筹划重大资产
重组停牌公告》（公告编号：2022-045）。",5d5300f95d3cd9,False,0.55,rule_baseline,pending_human_review,True,2023-01-11
C-AN202301091581821421,AN202301091581821421,600038.SH,中直股份,2023-01-10,project_investment,positive,1.0,"[""直升机""]",中直股份:中航直升机股份有限公司董事会关于本次重组停牌前公司股票价格波动情况的说明,"中航直升机股份有限公司董事会

      关于本次重组停牌前公司股票价格波动情况说明

  中航直升机股份有限公司（以下简称“公司”）拟发行股份购买昌河飞机工
业（集团）有限责任公司和哈尔滨飞机工业集团有限责任公司 100%股权并募集
配套资金（以下合称“本次重组”）。",7419477cc1e9cb,False,0.55,rule_baseline,pending_human_review,True,2023-01-11
C-AN202301091581821401,AN202301091581821401,600038.SH,中直股份,2023-01-10,project_investment,positive,1.0,"[""直升机""]",中直股份:中国国际金融股份有限公司关于中航直升机股份有限公司本次发行股份购买资产并募集配套资金不构成重组上市的核查意见,"中国国际金融股份有限公司
          关于中航直升机股份有限公司
       本次发行股份购买资产并募集配套资金
            不构成重组上市的核查意见


  中航直升机股份有限公司（以下简称“上市公司”）拟发行股份购买昌河飞
机工业（集团）有限责任公司 100%股权、哈尔滨飞机工业集团有限责任公司 100%
股权并募集配套资金（以下简称“本次交易”）。",6238fb3c3edc84,False,0.55,rule_baseline,pending_human_review,True,2023-01-11
C-AN202301091581821418,AN202301091581821418,600038.SH,中直股份,2023-01-10,project_investment,positive,1.0,"[""直升机""]",中直股份:中航直升机股份有限公司董事会关于本次交易符合《关于规范上市公司重大资产重组若干问题的规定》第四条规定的说明,"中航直升机股份有限公司董事会

关于本次交易符合《关于规范上市公司重大资产重组若干问题的规定》

              第四条规定的说明

  中航直升机股份有限公司（以下简称“公司”）拟发行股份购买昌河飞机工业
（集团）有限责任公司和哈尔滨飞机工业集团有限责任公司（以下简称“标的公
司”）100%股权并募集配套资金（以下合称“本次交易”）。",007dc124a895f4,False,0.55,rule_baseline,pending_human_review,True,2023-01-11
C-AN202301131581971819,AN202301131581971819,688297.SH,中无人机,2023-01-14,performance,mixed,0.7500000000000001,"[""无人机""]",中无人机:中无人机2022年度业绩快报公告,"证券代码：688297        证券简称：中无人机                    公告编号：2023-001



          中航（成都）无人机系统股份有限公司
                2022 年度业绩快报公告


  本公司董事会及全体董事保证本公告内容不存在任何虚假记载、误导性陈述或者重大遗

漏，并对其内容的真实性、准确性和完整性承担法律责任。",a5835219a6abf6,False,0.55,rule_baseline,pending_human_review,True,2023-01-16
C-AN202302071582851573,AN202302071582851573,000099.SZ,中信海直,2023-02-08,government_support,positive,1.0,"[""机场"", ""直升机"", ""通用航空"", ""通航""]",中信海直:关于控股子公司海直通航获得2023年通用航空发展专项资金的公告,"根据《通用航空发展专项资金管理暂行办法》及《财政部关于提前下达2023
年民航发展基金用于民航基础设施建设和机场航线补贴资金预算的通知》（财建
〔2022〕399号）相关规定，中信海洋直升机股份有限公司（下称“公司”）控股
子公司海直通用航空有限责任公司（下称“海直通航”）申请2023年通用航空发
展专项资金补贴（2021年7月—2022年6月）。",a7ed070fd59752,False,0.55,rule_baseline,pending_human_review,True,2023-02-09
C-AN202302081582895316,AN202302081582895316,600038.SH,中直股份,2023-02-09,project_investment,positive,1.0,"[""直升机""]",中直股份:中航直升机股份有限公司关于重大资产重组的进展公告,"证券代码：600038       证券简称：中直股份    编号：2023-008



               中航直升机股份有限公司
              关于重大资产重组的进展公告

   本公司董事会及全体董事保证本公告内容不存在任何虚假记载、误导性陈
 述或者重大遗漏，并对其内容的真实性、准确性和完整性承担法律责任。",6a4e136ce98fca,True,0.55,rule_baseline,pending_human_review,True,2023-02-10
C-AN202303091584155674,AN202303091584155674,600038.SH,中直股份,2023-03-10,project_investment,positive,1.0,"[""直升机""]",中直股份:中航直升机股份有限公司关于重大资产重组的进展公告,"证券代码：600038       证券简称：中直股份    编号：2023-009



               中航直升机股份有限公司
              关于重大资产重组的进展公告

   本公司董事会及全体董事保证本公告内容不存在任何虚假记载、误导性陈
 述或者重大遗漏，并对其内容的真实性、准确性和完整性承担法律责任。",6a4e136ce98fca,True,0.55,rule_baseline,pending_human_review,True,2023-03-13
C-AN202304071585223869,AN202304071585223869,600038.SH,中直股份,2023-04-08,project_investment,positive,1.0,"[""直升机""]",中直股份:中航直升机股份有限公司关于重大资产重组的进展公告,"证券代码：600038       证券简称：中直股份    编号：2023-020



               中航直升机股份有限公司
              关于重大资产重组的进展公告

   本公司董事会及全体董事保证本公告内容不存在任何虚假记载、误导性陈
 述或者重大遗漏，并对其内容的真实性、准确性和完整性承担法律责任。",6a4e136ce98fca,True,0.55,rule_baseline,pending_human_review,True,2023-04-10
C-AN202304131585425626,AN202304131585425626,600038.SH,中直股份,2023-04-14,project_investment,positive,1.0,"[""直升机""]",中直股份:中航直升机股份有限公司关于重大资产重组涉及军工事项审查获得国家国防科技工业局批复的公告,"证券代码：600038     证券简称：中直股份      编号：2023-022



              中航直升机股份有限公司
          关于重大资产重组涉及军工事项审查
          获得国家国防科技工业局批复的公告

   本公司董事会及全体董事保证本公告内容不存在任何虚假记载、误导性陈
 述或者重大遗漏，并对其内容的真实性、准确性和完整性承担法律责任。",eb64fb6a73cef4,False,0.55,rule_baseline,pending_human_review,True,2023-04-17
C-AN202304271585951470,AN202304271585951470,688070.SH,纵横股份,2023-04-28,project_investment,positive,0.55,"[""无人机"", ""飞行""]",纵横股份:国泰君安证券股份有限公司关于成都纵横自动化技术股份有限公司与关联方共同投资设立公司暨关联交易的核查意见,"国泰君安证券股份有限公司
       关于成都纵横自动化技术股份有限公司
   与关联方共同投资设立公司暨关联交易的核查意见

  国泰君安证券股份有限公司（以下简称“国泰君安”或“保荐机构”）作为
成都纵横自动化技术股份有限公司（以下简称“纵横股份”或“公司”）首次公
开发行股票并在科创板上市的保荐机构，根据《证券发行上市保荐业务管理办法》、
《上海证券交易所科创板股票上市规则》以及《科创板上市公司持续监管办法（试
行）》等法律法规，对纵横股份与关联方共同投资设立公司暨关联交易的事项进
行了审慎核查，具体核查情况如下：

  一、关联交易概述

  公司根据发展战略需要，已经引入专业人才团队推进大载重无人机产品的研
发，为进一步深化公司与专业人才团队的利益绑定，该等员工团队已搭建持股平
台，并拟与公司共同出资新设控股子公司推进相关产品研发，从而为公司创造新
的业务增长点，不断提升公司的核心竞争力。",e013a826915c97,False,0.55,rule_baseline,pending_human_review,True,2023-05-04
C-AN202304271585951469,AN202304271585951469,688070.SH,纵横股份,2023-04-28,project_investment,positive,0.55,"[""无人机"", ""飞行""]",纵横股份:关于与关联方共同投资设立公司暨关联交易的公告,"三、关联交易标的的基本情况
     1、企业名称：成都云龙无人机科技有限公司（暂定名，最终以市场监督管
理部门核准的名称为准）
     2、企业性质：有限责任公司
     3、注册资本：5,000.00 万元人民币
     4、经营范围：智能无人飞行器研发、制造、销售；",7e22f4a023a120,False,0.55,rule_baseline,pending_human_review,True,2023-05-04
C-AN202305081586379930,AN202305081586379930,600038.SH,中直股份,2023-05-09,project_investment,positive,1.0,"[""直升机""]",中直股份:中航直升机股份有限公司关于重大资产重组的进展公告,"证券代码：600038       证券简称：中直股份    编号：2023-027



               中航直升机股份有限公司
              关于重大资产重组的进展公告

   本公司董事会及全体董事保证本公告内容不存在任何虚假记载、误导性陈
 述或者重大遗漏，并对其内容的真实性、准确性和完整性承担法律责任。",6a4e136ce98fca,True,0.55,rule_baseline,pending_human_review,True,2023-05-10
C-AN202306011587464512,AN202306011587464512,688070.SH,纵横股份,2023-06-02,product_technology,positive,0.55,"[""无人机"", ""飞行""]",纵横股份:关于新产品研发进展的自愿性披露公告,"）首次公开发行股票募集资
  成都纵横自动化技术股份有限公司（以下简称“公司”
金投资项目“研发中心建设项目”中的专项研发产品“大载重无人机系统”于近日顺
利完成首次飞行测试，现将相关事项内容公告如下：
  一、产品的基本情况
  为完善公司产品体系，满足下游市场增长需求，公司积极开展吨级以下新型无人
机系统的产品研究与技术探索。",516e4ec8912886,True,0.55,rule_baseline,pending_human_review,True,2023-06-05
C-AN202306081590582489,AN202306081590582489,600038.SH,中直股份,2023-06-09,project_investment,positive,1.0,"[""直升机""]",中直股份:中航直升机股份有限公司关于重大资产重组的进展公告,"证券代码：600038       证券简称：中直股份    编号：2023-031



               中航直升机股份有限公司
              关于重大资产重组的进展公告

   本公司董事会及全体董事保证本公告内容不存在任何虚假记载、误导性陈
 述或者重大遗漏，并对其内容的真实性、准确性和完整性承担法律责任。",6a4e136ce98fca,True,0.55,rule_baseline,pending_human_review,True,2023-06-12
C-AN202307071592097503,AN202307071592097503,600038.SH,中直股份,2023-07-08,project_investment,positive,1.0,"[""直升机""]",中直股份:中航直升机股份有限公司关于重大资产重组的进展公告,"证券代码：600038       证券简称：中直股份    编号：2023-033



               中航直升机股份有限公司
              关于重大资产重组的进展公告

   本公司董事会及全体董事保证本公告内容不存在任何虚假记载、误导性陈
 述或者重大遗漏，并对其内容的真实性、准确性和完整性承担法律责任。",6a4e136ce98fca,True,0.55,rule_baseline,pending_human_review,True,2023-07-10
C-AN202307181592392768,AN202307181592392768,600038.SH,中直股份,2023-07-19,project_investment,positive,0.5,"[""直升机""]",中直股份:中直股份董事会关于本次交易相关主体不存在《上市公司监管指引第7号——上市公司重大资产重组相关股票异常交易监管》第十二条规定情形的说明,"中航直升机股份有限公司董事会

关于本次交易相关主体不存在《上市公司监管指引第 7 号——上

     市公司重大资产重组相关股票异常交易监管》

            第十二条规定情形的说明

  中航直升机股份有限公司拟发行股份购买中国航空工业集团有限公司、中国
航空科技工业股份有限公司合计持有的昌河飞机工业（集团）有限责任公司 100%
股权、哈尔滨飞机工业集团有限责任公司 100%股权并发行 A 股股票募集配套资
金（以下简称“本次交易”）。",49d904aaf8ee70,False,0.55,rule_baseline,pending_human_review,True,2023-07-20
C-AN202307181592392771,AN202307181592392771,600038.SH,中直股份,2023-07-19,project_investment,positive,0.5,"[""直升机""]",中直股份:中直股份董事会关于本次交易符合《上市公司监管指引第9号——上市公司筹划和实施重大资产重组的监管要求》第四条的说明,"中航直升机有限公司董事会

关于本次交易符合《上市公司监管指引第9号——上市公司筹划和实施

          重大资产重组的监管要求》第四条的说明
  中航直升机股份有限公司（以下简称“公司”）拟以发行股份方式购买中国航空
科技工业股份有限公司（以下简称“中航科工”）与中国航空工业集团有限公司（以
下简称“航空工业集团”）所持昌河飞机工业（集团）有限责任公司（以下简称“昌
飞集团”）100%的股权和中航科工与航空工业集团所持哈尔滨飞机工业集团有限责
任公司（以下简称“哈飞集团”）100%的股权（以下简称“标的资产”），并募集配
套资金（以下简称“本次交易”）。",1e2f694b896840,False,0.55,rule_baseline,pending_human_review,True,2023-07-20
C-AN202307181592392742,AN202307181592392742,600038.SH,中直股份,2023-07-19,project_investment,positive,0.55,"[""直升机""]",中直股份:大华会计师事务所关于中航直升机股份有限公司重大资产重组前发生“业绩变脸”或本次重组存在拟置出资产情形相关事项之专项核查说明,"（2）营业成本
  2021 年，中直股份公司实现营业成本 1,908,084.81 万元，比上年
同期增加 9.66%，主要原因系 2021 年公司航空产品交付量同比增加。",7deec27a16001f,False,0.55,rule_baseline,pending_human_review,True,2023-07-20
C-AN202307181592392752,AN202307181592392752,600038.SH,中直股份,2023-07-19,project_investment,positive,0.5,"[""直升机""]",中直股份:中直股份董事会关于本次重大资产重组履行法定程序的完备性、合规性及提交的法律文件的有效性的说明,"中航直升机股份有限公司董事会

关于本次重组履行法定程序的完备性、合规性及提交法律文件的

                   有效性的说明
  中航直升机股份有限公司（以下简称“公司”）拟以发行股份方式购买中国
航空科技工业股份有限公司（以下简称“中航科工”）所持昌河飞机工业（集团）
有限责任公司（以下简称“昌飞集团”）92.43%的股权和哈尔滨飞机工业集团有
限责任公司（以下简称“哈飞集团”）80.79%的股权，拟以发行股份方式购买中
国航空工业集团有限公司（以下简称“航空工业集团”）所持昌飞集团 7.57%的股
权和哈飞集团 19.21%的股权。",9d8eed04f6eeb9,False,0.55,rule_baseline,pending_human_review,True,2023-07-20
C-AN202307181592392753,AN202307181592392753,600038.SH,中直股份,2023-07-19,market_risk,negative,0.7500000000000001,"[""直升机""]",中直股份:中航直升机股份有限公司关于本次交易事项的一般风险提示性公告,"证券代码：600038     证券简称：中直股份      公告编号：2023-038


              中航直升机股份有限公司
        关于本次交易事项的一般风险提示性公告

  本公司董事会及全体董事保证本公告内容不存在任何虚假记载、误导性陈述
或者重大遗漏，并对其内容的真实性、准确性和完整性承担法律责任。",e7c517a1d73838,False,0.55,rule_baseline,pending_human_review,True,2023-07-20
C-AN202308081593503549,AN202308081593503549,600038.SH,中直股份,2023-08-09,project_investment,positive,1.0,"[""直升机""]",中直股份:中航直升机股份有限公司关于重大资产重组的进展公告,"证券代码：600038       证券简称：中直股份    编号：2023-039

               中航直升机股份有限公司
              关于重大资产重组的进展公告

   本公司董事会及全体董事保证本公告内容不存在任何虚假记载、误导性陈
 述或者重大遗漏，并对其内容的真实性、准确性和完整性承担法律责任。",6a4e136ce98fca,True,0.55,rule_baseline,pending_human_review,True,2023-08-10
C-AN202309201599486542,AN202309201599486542,600038.SH,中直股份,2023-09-21,project_investment,positive,1.0,"[""直升机""]",中直股份:中航直升机股份有限公司关于重大资产重组事项获得国务院国资委批复的公告,"证券代码：600038    证券简称：中直股份      编号：2023-050



         中航直升机股份有限公司
   关于重大资产重组事项获得国务院国资委批复的公告

   本公司董事会及全体董事保证本公告内容不存在任何虚假记载、误导性陈
 述或者重大遗漏，并对其内容的真实性、准确性和完整性承担法律责任。",7cd0b6498267bf,False,0.55,rule_baseline,pending_human_review,True,2023-09-22
C-AN202309271600020545,AN202309271600020545,600038.SH,中直股份,2023-09-28,order_contract,positive,1.0,"[""直升机""]",中直股份:中航直升机股份有限公司关于签订直升机购销合同的公告,"证券代码：600038      证券简称：中直股份   公告编号：2023-051




              中航直升机股份有限公司
         关于签订直升机购销合同的公告

    本公司董事会及全体董事保证本公告内容不存在任何虚假记载、误导性陈述
或者重大遗漏，并对其内容的真实性、准确性和完整性承担法律责任。",94c603e3e3ab24,False,0.55,rule_baseline,pending_human_review,True,2023-10-09
C-AN202312181614445909,AN202312181614445909,600038.SH,中直股份,2023-12-18,project_investment,positive,0.5,"[""直升机""]",上海证券交易所并购重组审核委员会2023年第10次审议会议公告,"现将有关
事项公告如下：


  一、参会重组委委员
  刘连起   陈汉英   明丽   金俊超   楚晋宏
  二、审议的发行人
  中航直升机股份有限公司（发行股份购买资产）




                         上海证券交易所
                     并购重组审核委员会
                     2023 年 12 月 18 日",5499b860f38098,False,0.55,rule_baseline,pending_human_review,True,2023-12-19
C-AN202312181614448731,AN202312181614448731,600038.SH,中直股份,2023-12-19,project_investment,positive,1.0,"[""直升机""]",中直股份:中航直升机股份有限公司关于上海证券交易所并购重组审核委员会审核公司发行股份购买资产并募集配套资金暨关联交易事项会议安排的公告,"证券代码：600038      证券简称：中直股份    编号：2023-069



              中航直升机股份有限公司
    关于上海证券交易所并购重组审核委员会审核公司
发行股份购买资产并募集配套资金暨关联交易事项会议安排的
                  公告

   本公司董事会及全体董事保证本公告内容不存在任何虚假记载、误导性陈
 述或者重大遗漏，并对其内容的真实性、准确性和完整性承担法律责任。",57fd5c5392d0c1,False,0.55,rule_baseline,pending_human_review,True,2023-12-20
C-AN202312251614890857,AN202312251614890857,600038.SH,中直股份,2023-12-25,project_investment,positive,0.5,"[""直升机""]",上海证券交易所并购重组审核委员会2023年第10次审议会议结果公告,"上海证券交易所并购重组审核委员会
      2023 年第 10 次审议会议
            结果公告

  上海证券交易所并购重组审核委员会 2023 年第 10 次审议会
议于 2023 年 12 月 25 日召开，现将会议审议情况公告如下：
  一、审议结果
  中航直升机股份有限公司（发行股份购买资产）：本次交易
符合重组条件和信息披露要求。",2ceaa8fd8a1427,False,0.55,rule_baseline,pending_human_review,True,2023-12-26
C-AN202312251614894376,AN202312251614894376,600038.SH,中直股份,2023-12-26,project_investment,positive,1.0,"[""直升机""]",中直股份:中航直升机股份有限公司关于公司发行股份购买资产事项获得上海证券交易所并购重组审核委员会审核通过的公告,"证券代码：600038       证券简称：中直股份    编号：2023-070



               中航直升机股份有限公司
              关于公司发行股份购买资产事项
  获得上海证券交易所并购重组审核委员会审核通过的公告

   本公司董事会及全体董事保证本公告内容不存在任何虚假记载、误导性陈
 述或者重大遗漏，并对其内容的真实性、准确性和完整性承担法律责任。",9260bb6ca0f7fd,False,0.55,rule_baseline,pending_human_review,True,2023-12-27
C-AN202401041616339965,AN202401041616339965,000099.SZ,中信海直,2024-01-05,government_support,positive,1.0,"[""直升机"", ""通用航空"", ""通航""]",中信海直:关于控股子公司海直通航获得2024年通用航空发展专项资金的公告,"证券代码：000099    证券简称：中信海直      公告编号：2024-001




           中信海洋直升机股份有限公司
           关于控股子公司海直通航获得
        2024 年通用航空发展专项资金的公告
  本公司及董事会全体成员保证信息披露的内容真实、准确和完整，没有虚假
记载、误导性陈述或重大遗漏。",a7ed070fd59752,False,0.55,rule_baseline,pending_human_review,True,2024-01-08
C-AN202402051620568507,AN202402051620568507,688297.SH,中无人机,2024-02-06,performance,mixed,0.7500000000000001,"[""无人机""]",中无人机:中无人机2023年度业绩快报公告,"证券代码：688297          证券简称：中无人机                    公告编号：2024-002



          中航（成都）无人机系统股份有限公司
                 2023 年度业绩快报公告


  本公司董事会及全体董事保证本公告内容不存在任何虚假记载、误导性陈述或者重大遗

漏，并对其内容的真实性、准确性和完整性承担法律责任。",a5835219a6abf6,False,0.55,rule_baseline,pending_human_review,True,2024-02-07
C-AN202404281631542642,AN202404281631542642,688297.SH,中无人机,2024-04-29,strategic_cooperation,positive,1.0,"[""无人机"", ""机场"", ""飞行""]",中无人机:中无人机关于签订合作框架协议的公告,（3）乙方在自贡基地全力打造大型无人机批量化生产、试飞、交付和培训能力。,4b1b2fdec4a76a,False,0.55,rule_baseline,pending_human_review,True,2024-04-30
C-AN202405281634762128,AN202405281634762128,000801.SZ,四川九洲,2024-05-29,project_investment,positive,0.75,"[""低空"", ""无人机"", ""机场"", ""空管"", ""航空器"", ""通用航空"", ""通航"", ""飞行""]",四川九洲:四川九洲电器股份有限公司关于控股子公司拟投资设立合资公司的公告,"四川九洲电器股份有限公司（下称公司）控股子公司四川九
洲空管科技有限责任公司（下称九洲空管）为充分利用自身空管
业务优势，抢抓低空经济发展机遇，拟依托绵阳北川永昌机场与
绵阳科技城通航产业投资控股有限公司（下称通航投控）在四川
省绵阳市北川羌族自治县通航产业园合资设立四川九洲永昌测
试有限责任公司（公司名称以工商注册登记为准，下称合资公司），
并开展低空飞行测试相关业务。",04057e4503b759,False,0.55,rule_baseline,pending_human_review,True,2024-05-30
C-AN202407081637680506,AN202407081637680506,000801.SZ,四川九洲,2024-07-09,project_investment,positive,0.6499999999999999,"[""低空"", ""空管"", ""通航"", ""飞行""]",四川九洲:关于控股子公司拟投资设立合资公司的进展公告,"一、对外投资背景概述
  2024年5月28日，四川九洲电器股份有限公司（下称公司）
第十三届董事会2024年度第五次会议审议通过《关于控股子公司
拟设立合资公司的议案》，同意公司控股子公司四川九洲空管科
技有限责任公司（下称九洲空管）与绵阳科技城通航产业投资控
股有限公司（下称通航投控）在四川省绵阳市北川羌族自治县通
航产业园合资设立四川九洲永昌测试有限责任公司（公司名称以
工商注册登记为准，下称合资公司），并开展低空飞行测试相关
业务。",f6a3ffab2cf594,True,0.55,rule_baseline,pending_human_review,True,2024-07-10
C-AN202410141640286073,AN202410141640286073,688070.SH,纵横股份,2024-10-15,legal_safety_risk,negative,0.5,"[""无人机""]",纵横股份:关于公司及全资子公司涉及诉讼的公告,"重要内容提示：

   案件所处的诉讼阶段：法院已受理，尚未开庭审理
   上市公司所处的当事人地位：成都纵横自动化技术股份有限公司（以下简
称“公司”或“纵横股份”）及下属全资子公司成都纵横大鹏无人机科技有限公
司（以下简称“纵横大鹏”）系本案被告，其中纵横股份为被告一，纵横大鹏为
被告二
     涉案的金额：1,100 万元
   是否会对上市公司损益产生负面影响：公司将依法主张自身合法权益，通
过合法途径切实维护公司和股东利益。",beb52406040e54,False,0.55,rule_baseline,pending_human_review,True,2024-10-16
C-AN202410231640442343,AN202410231640442343,688297.SH,中无人机,2024-10-24,market_risk,negative,0.7500000000000001,"[""无人机""]",中无人机:控股股东及实际控制人关于中无人机股票交易异常波动有关事项问询函的回复,"关于股票交易异常波动有关事项问询函的回复

中航（成都）无人机系统股份有限公司:
  你公司发来的《问询函》已收悉。",d9aba74b071758,False,0.55,rule_baseline,pending_human_review,True,2024-10-25
C-AN202410231640439624,AN202410231640439624,688297.SH,中无人机,2024-10-24,market_risk,negative,0.7500000000000001,"[""无人机""]",中无人机:中无人机股票交易异常波动公告,"证券代码：688297        证券简称：中无人机            公告编号：2024-024




       中航（成都）无人机系统股份有限公司
               股票交易异常波动公告

   本公司董事会及全体董事保证本公告内容不存在任何虚假记载、误导性陈述
或者重大遗漏，并对其内容的真实性、准确性和完整性承担法律责任。",86e620a7edb222,False,0.55,rule_baseline,pending_human_review,True,2024-10-25
C-AN202412251641428816,AN202412251641428816,600038.SH,中直股份,2024-12-26,project_investment,positive,0.55,"[""直升机""]",中直股份:中航直升机股份有限公司以募集资金置换已投入募集资金项目及已支付发行费用的自筹资金的审核报告(大信专审字[2024]第1-03564号),"说明”



  一、董事会的责任
  按照中国证券监督管理委员会《上市公司监管指引第2号——上市公司募集资金管理和使

用的监管要求（2022年修订）》等文件的规定编制以募集资金置换已投入募集资金项目及已支

付发行费用的自筹资金专项说明，并提供相关的证明材料，保证其内容真实、准确、完整，不

存在虚假记载、误导性陈述或重大遗漏是贵公司董事会的责任。",9d6b370191699c,False,0.55,rule_baseline,pending_human_review,True,2024-12-27
C-AN202412251641428826,AN202412251641428826,600038.SH,中直股份,2024-12-26,project_investment,positive,0.6000000000000001,"[""无人机"", ""直升机""]",中直股份:中航直升机股份有限公司关于以募集资金置换已投入募集资金项目及已支付发行费用的自筹资金的公告,"二、募集资金投资项目的基本情况

   本次募集配套资金在扣除本次交易有关的税费及中介机构费用后，拟用于新
型直升机与无人机研发能力建设项目、航空综合维修能力提升与产业化项目、直
升机生产能力提升项目等项目，以及补充本次交易后上市公司和标的公司流动资
金或偿还债务。",ab5ff9927c7ab8,False,0.55,rule_baseline,pending_human_review,True,2024-12-27
C-AN202501071641844499,AN202501071641844499,000099.SZ,中信海直,2025-01-08,government_support,positive,1.0,"[""直升机"", ""通用航空"", ""通航""]",中信海直:关于控股子公司海直通航获得政府补助的公告,"一、获取补助的基本情况
  中信海洋直升机股份有限公司（下称“公司”）控股子公司海直通用航空有
限责任公司（下称“海直通航”）近日收到政府补助款项29,730,000.00元。",8d8e853c7c1fbc,False,0.55,rule_baseline,pending_human_review,True,2025-01-09
C-AN202502111642974030,AN202502111642974030,688297.SH,中无人机,2025-02-12,project_investment,positive,0.55,"[""无人机""]",中无人机:中无人机关于变更签字注册会计师及项目质量复核人员的公告,"证券代码：688297           证券简称：中无人机               公告编号：2025-002



             中航（成都）无人机系统股份有限公司
  关于变更签字注册会计师及项目质量复核人员的公告


   本公司董事会及全体董事保证本公告内容不存在任何虚假记载、误导性陈述或者

重大遗漏，并对其内容的真实性、准确性和完整性承担法律责任。",911bfc7dfb4d37,False,0.55,rule_baseline,pending_human_review,True,2025-02-13
C-AN202502271643569080,AN202502271643569080,688297.SH,中无人机,2025-02-28,performance,mixed,0.7500000000000001,"[""无人机""]",中无人机:中无人机2024年度业绩快报公告,"证券代码：688297       证券简称：中无人机                       公告编号：2025-004



          中航（成都）无人机系统股份有限公司
               2024 年度业绩快报公告


  本公司董事会及全体董事保证本公告内容不存在任何虚假记载、误导性陈述或者重大遗

漏，并对其内容的真实性、准确性和完整性承担法律责任。",a5835219a6abf6,False,0.55,rule_baseline,pending_human_review,True,2025-03-03
C-AN202503101644243613,AN202503101644243613,002085.SZ,万丰奥威,2025-03-11,project_investment,positive,0.6499999999999999,"[""eVTOL"", ""低空"", ""无人机"", ""飞行""]",万丰奥威:关于子公司收购Volocopter相关资产的公告,"为加速推进公司低空领域的全球开发应用进程，万丰
飞机间接持股100%的子公司heptus 591. GmbH于北京时间2025年3月6日（中欧时间
2025年3月5日）与Volocopter GmbH管理人Tobias Wahl签署了《资产收购协议》，heptus
591. GmbH拟收购Volocopter GmbH名下相关有形资产、知识产权及承接特定合同权
利义务，以开发先进的eVTOL产品，打造公司全新业务增长新引擎。",062948ca4b5ab8,False,0.55,rule_baseline,pending_human_review,True,2025-03-12
C-AN202503201645152070,AN202503201645152070,002085.SZ,万丰奥威,2025-03-21,project_investment,positive,0.5,"[""eVTOL""]",万丰奥威:关于子公司收购Volocopter相关资产完成交割的公告,"浙江万丰奥威汽轮股份有限公司（以下简称“公司”）下属子公司heptus 591.
GmbH与Volocopter GmbH管理人Tobias Wahl签署了《资产收购协议》，heptus 591.
GmbH拟收购Volocopter GmbH名下相关有形资产、知识产权及承接特定合同权利义
务，以开发先进的eVTOL产品，打造公司业务增长新引擎。",f3a68a2348846c,False,0.55,rule_baseline,pending_human_review,True,2025-03-24
C-AN202505071668920097,AN202505071668920097,688070.SH,纵横股份,2025-05-08,order_contract,positive,0.6000000000000001,"[""低空"", ""无人机"", ""飞行""]",纵横股份:关于收到中标通知书的自愿性信息披露公告,"重要内容提示：

   中标项目：“智慧巴中”低空数字经济无人值守系统及配套设施建设项目
   中标金额：10,606.80 万元
   风险提示：全资子公司成都纵横大鹏无人机科技有限公司（以下简称“纵
横大鹏”）已收到“智慧巴中”低空数字经济无人值守系统及配套设施建设项目
的中标通知书，尚未与招标人签订正式协议及合同，合同签署时间及履约安排存
在不确定性。",ae00f03744fc42,False,0.55,rule_baseline,pending_human_review,True,2025-05-09
C-AN202506301700506354,AN202506301700506354,300284.SZ,苏交科,2025-06-30,project_investment,positive,0.48,"[""低空"", ""无人机"", ""航空器"", ""通用航空"", ""飞行""]",苏交科:关于与专业投资机构共同投资设立产业投资基金的公告,"五、对外投资的目的、存在的风险和对公司的影响
  1、本次投资的目的
  苏交科自2023年以来开始在“低空经济”和“车路云网”领域进行布局，
“低空经济”领域的布局主要集中在低空交通基础设施规划、无人机应用、智
慧交通融合、政策研究与咨询服务等方面，“车路云网”主要集中在智慧扩容、
区域路网管控、交通事件预警等方面。",6c666bc157a928,False,0.55,rule_baseline,pending_human_review,True,2025-07-01
C-AN202509291752848292,AN202509291752848292,000099.SZ,中信海直,2025-09-30,project_investment,positive,1.0,"[""机场"", ""直升机""]",中信海直:关于南头直升机场搬迁项目的进展公告,"证券代码：000099       证券简称：中信海直     公告编号：2025-033




                中信海洋直升机股份有限公司
          关于南头直升机场搬迁项目的进展公告
   本公司及董事会全体成员保证信息披露的内容真实、准确和完整，没有虚
假记载、误导性陈述或重大遗漏。",b326f09cf341eb,True,0.55,rule_baseline,pending_human_review,True,2025-10-09
C-AN202509301753492208,AN202509301753492208,688297.SH,中无人机,2025-10-01,order_contract,positive,1.0,"[""无人机"", ""航空器""]",中无人机:关于签订日常经营重大合同暨关联交易的公告,"重要内容提示:

   合同类型：日常经营销售合同

   合同金额：61,547.67 万元人民币（不含税）

   合同生效条件：经双方盖章及授权代表签字之日起生效

   合同履行期限：按照合同约定履行

   本次交易未构成重大资产重组

   对上市公司当期业绩的影响：本次交易属于中航（成都）无人机系统股

份有限公司（以下简称“公司”）日常经营活动相关合同。",601a82e7f829f9,False,0.55,rule_baseline,pending_human_review,True,2025-10-09
C-AN202510101759667267,AN202510101759667267,000801.SZ,四川九洲,2025-10-11,project_investment,positive,0.7,"[""低空"", ""无人机"", ""空管"", ""航空器"", ""飞行""]",四川九洲:四川九洲电器股份有限公司关于控股子公司参与设立投资基金暨关联交易的公告,"重要内容提示：
   1.公司控股子公司四川九洲空管科技有限责任公司（以下简
称九洲空管）拟与四川九洲投资控股集团有限公司（以下简称九
洲集团）、四川九洲君合私募基金管理有限公司（以下简称九洲
君合）共同投资设立四川九洲低空经济股权投资基金合伙企业
（有限合伙）（暂定名，以工商登记为准，以下简称本合伙企业
或低空经济股权投资基金）。",d72d428ec21ee1,False,0.55,rule_baseline,pending_human_review,True,2025-10-13
C-AN202511071776924857,AN202511071776924857,688070.SH,纵横股份,2025-11-08,legal_safety_risk,negative,0.5,"[""无人机""]",纵横股份:关于公司及全资子公司诉讼进展的公告,"证券代码：688070         证券简称：纵横股份   公告编号：2025-051




              成都纵横自动化技术股份有限公司
         关于公司及全资子公司诉讼进展的公告


  本公司董事会及全体董事保证本公告内容不存在任何虚假记载、误导性陈述

或者重大遗漏，并对其内容的真实性、准确性和完整性依法承担法律责任。",28a2d9fa460af4,True,0.55,rule_baseline,pending_human_review,True,2025-11-10
C-AN202512051794542407,AN202512051794542407,000801.SZ,四川九洲,2025-12-06,project_investment,positive,0.55,"[""低空"", ""空管""]",四川九洲:关于控股子公司参与设立投资基金暨关联交易的进展公告,"四川九洲电器股份有限公司（以下简称公司）于2025年10
月10日分别召开第十三届董事会独立董事2025年度第二次专门
会议、第十三届董事会2025年度第七次会议审议通过《关于公司
控股子公司参与设立投资基金暨关联交易的议案》，公司控股子
公司四川九洲空管科技有限责任公司拟与四川九洲投资控股集
团有限公司、四川九洲君合私募基金管理有限公司共同出资设立
四川九洲低空经济股权投资基金合伙企业（有限合伙）。",fc88f1af5567e4,True,0.55,rule_baseline,pending_human_review,True,2025-12-08
C-AN202512081796392620,AN202512081796392620,002389.SZ,航天彩虹,2025-12-09,project_investment,positive,0.6499999999999999,"[""低空"", ""无人机"", ""通用航空"", ""飞行""]",航天彩虹:关于与关联方共同投资设立参股公司暨关联交易的公告,"证券代码：002389    证券简称：航天彩虹   公告编号：2025-053

              航天彩虹无人机股份有限公司
  关于与关联方共同投资设立参股公司暨关联交易的公告

   本公司及董事会全体成员保证信息披露的内容真实、准确、完整，

没有虚假记载、误导性陈述或重大遗漏。",48883119543d13,False,0.55,rule_baseline,pending_human_review,True,2025-12-10
C-AN202512161801833360,AN202512161801833360,002389.SZ,航天彩虹,2025-12-16,project_investment,positive,1.0,"[""低空"", ""无人机"", ""飞行""]",航天彩虹:关于调整全资子公司与非关联方合资设立低空科技公司投资方案的公告,"现将具体情况公告如下：

  一、对外投资事项概述

  公司于 2025 年 11 月 21 日召开第七届董事会第四次会议，审议通过

了《关于全资子公司以包括部分募投项目资产在内的非货币性资产出资与

非关联方合资设立低空科技公司的议案》，同意全资子公司彩虹公司以价

值人民币 39,341.00 万元（不含税）的非货币性资产，与重庆赛航智行技

术有限公司（以下简称“赛航智行”）和都梁高新集团，合资设立低空科


                    1
技公司，具体内容详见公司 2025 年 11 月 22 日发布《关于全资子公司以

包括部分募投项目资产在内的非货币性资产出资与非关联方合资设立低

空科技公司的公告》（公告编号：2025-051）。",2351312b7318bb,False,0.55,rule_baseline,pending_human_review,True,2025-12-17
C-AN202512191803914128,AN202512191803914128,000801.SZ,四川九洲,2025-12-20,project_investment,positive,0.55,"[""无人机"", ""空管""]",四川九洲:四川九洲电器股份有限公司关于收购射频业务资产组暨关联交易的公告,"证监会将积极支持上市公
司围绕战略性新兴产业、未来产业等进行并购重组，包括开展基
于转型升级等目标的跨行业并购、有助于补链强链和提升关键技
术水平的未盈利资产收购等。",ae6c97e09fa64d,False,0.55,rule_baseline,pending_human_review,True,2025-12-22
C-AN202512301811415550,AN202512301811415550,688070.SH,纵横股份,2025-12-31,legal_safety_risk,negative,0.5,"[""无人机""]",纵横股份:关于最近五年被证券监管部门和交易所处罚或采取监管措施及整改情况的公告,"但公司 CW-40 无人
机系统项目、大鹏 PH-25 无人机系统项目开始资本化时点均晚于设计评审通过
时点，研发费用未资本化金额 149.48 万元，导致财务信息披露不准确，不符合
《办法》第三条、《企业会计准则第 6 号—无形资产》第七条、第九条的规定。",73d96b67a06abb,False,0.55,rule_baseline,pending_human_review,True,2026-01-05
C-AN202601081816849257,AN202601081816849257,688297.SH,中无人机,2026-01-09,order_contract,positive,1.0,"[""无人机""]",中无人机:中无人机日常经营重大合同公告,"证券代码：688297    证券简称：中无人机   公告编号：2026-003




      中航（成都）无人机系统股份有限公司
              日常经营重大合同公告



  本公司董事会及全体董事保证本公告内容不存在任何虚假记载、误导性陈述

或者重大遗漏，并对其内容的真实性、准确性和完整性承担法律责任。",a9c3003141ff33,False,0.55,rule_baseline,pending_human_review,True,2026-01-12
C-AN202601281818512452,AN202601281818512452,002389.SZ,航天彩虹,2026-01-29,project_investment,positive,1.0,"[""低空"", ""无人机"", ""直升机"", ""通航"", ""飞行""]",航天彩虹:关于拟以现金出资参股设立通航动力公司的公告,"五、对外投资的目的和对公司的影响

  （一）投资目的

  为把握国家低空经济产业发展的战略契机，加快打造无人机产业链链

                8
长，确保彩虹无人机核心动力环节供应保障，打造产业链关键环节利益共

同体，公司通过参股投资的方式与相关方共同发起设立通航动力公司，旨

在打造一家机制灵活、股权多元、更契合市场发展规律的通航动力产业专

业化发展平台，为建成世界一流特种飞行器产业公司提供重要保障。",78efe91f9c9803,False,0.55,rule_baseline,pending_human_review,True,2026-01-30
C-AN202602061819809639,AN202602061819809639,688297.SH,中无人机,2026-02-07,project_investment,positive,0.55,"[""无人机""]",中无人机:中无人机关于年审会计师事务所变更项目质量复核人员的公告,"证券代码：688297           证券简称：中无人机                公告编号：2026-012



            中航（成都）无人机系统股份有限公司
  关于年审会计师事务所变更项目质量复核人员的公告


   本公司董事会及全体董事保证本公告内容不存在任何虚假记载、误导性陈述或者

重大遗漏，并对其内容的真实性、准确性和完整性依法承担法律责任。",24b33f629e2533,False,0.55,rule_baseline,pending_human_review,True,2026-02-09
C-AN202602261820065672,AN202602261820065672,688297.SH,中无人机,2026-02-27,performance,mixed,0.7500000000000001,"[""无人机""]",中无人机:中无人机2025年度业绩快报公告,"证券代码：688297       证券简称：中无人机                 公告编号：2026-013



         中航（成都）无人机系统股份有限公司
               2025 年度业绩快报公告


  本公司董事会及全体董事保证本公告内容不存在任何虚假记载、误导性陈述或者重大遗漏，

并对其内容的真实性、准确性和完整性依法承担法律责任。",a5835219a6abf6,False,0.55,rule_baseline,pending_human_review,True,2026-03-02
C-AN202603041820269546,AN202603041820269546,002389.SZ,航天彩虹,2026-03-05,market_risk,negative,0.7500000000000001,"[""无人机""]",航天彩虹:航天彩虹无人机股份有限公司股票交易异常波动公告,"证券代码：002389    证券简称：航天彩虹       公告编号：2026-012

              航天彩虹无人机股份有限公司
              股票交易异常波动的公告

   本公司及董事会全体成员保证信息披露的内容真实、准确和完

整，没有虚假记载、误导性陈述或重大遗漏。",5fea99d4815d30,False,0.55,rule_baseline,pending_human_review,True,2026-03-06
C-AN202603041820269816,AN202603041820269816,688297.SH,中无人机,2026-03-05,market_risk,negative,0.7500000000000001,"[""无人机""]",中无人机:中无人机股票交易异常波动公告,"证券代码：688297        证券简称：中无人机            公告编号：2026-017




       中航（成都）无人机系统股份有限公司
               股票交易异常波动公告

   本公司董事会及全体董事保证本公告内容不存在任何虚假记载、误导性陈述
或者重大遗漏，并对其内容的真实性、准确性和完整性依法承担法律责任。",86e620a7edb222,False,0.55,rule_baseline,pending_human_review,True,2026-03-06
C-AN202604101821124909,AN202604101821124909,000099.SZ,中信海直,2026-04-11,government_support,positive,1.0,"[""直升机"", ""通用航空"", ""通航""]",中信海直:关于控股子公司海直通航获得政府补助的公告,"一、获取补助的基本情况
  中信海洋直升机股份有限公司（下称“公司”）控股子公司海直通用航空有
限责任公司（下称“海直通航”）于4月10日收到2026年通用航空发展专项资金补
贴36,440,000.00元。",8d8e853c7c1fbc,False,0.55,rule_baseline,pending_human_review,True,2026-04-13
C-AN202604171821304024,AN202604171821304024,000801.SZ,四川九洲,2026-04-18,project_investment,positive,0.6499999999999999,"[""低空"", ""空管"", ""通用航空"", ""飞行""]",四川九洲:四川九洲电器股份有限公司关于控股孙公司对外投资的公告,"三、本次对外投资的目的、影响及存在的风险
 （一）对外投资的目的及影响
  低空装备检测公司业务范围覆盖低空装备检验检测服务、认
证服务、通用航空服务、技术研发与推广等，核心聚焦低空装备
“部件-系统-整机”全生命周期，提供“气动-飞行-地面”全
维度智能化测试验证服务，涵盖设计验证、环境适应性测试、适
航认证测试、数据增值服务及专业培训等，成立新公司有利于整
合区域及行业资源打造低空装备地面综合测试验证专属运营平
台，既可整合分散检测资源，填补低空部分验证能力空白，满足
产业全链条发展需求，又可实现项目专业化运作与风险隔离。",bba751e89aa7bc,False,0.55,rule_baseline,pending_human_review,True,2026-04-20
C-AN202606041823246959,AN202606041823246959,000099.SZ,中信海直,2026-06-05,project_investment,positive,1.0,"[""机场"", ""直升机""]",中信海直:关于签署樟坑径新机场建设项目监督协议的公告,"证券代码：000099     证券简称：中信海直   公告编号：2026-023




                中信海洋直升机股份有限公司

     关于签署樟坑径新机场建设项目监督协议的公告
  本公司及董事会全体成员保证信息披露的内容真实、准确、完整，没有虚
假记载、误导性陈述或重大遗漏。",840e7a25e459ad,False,0.55,rule_baseline,pending_human_review,True,2026-06-08
C-AN202606041823246840,AN202606041823246840,688070.SH,纵横股份,2026-06-05,order_contract,positive,0.55,"[""低空"", ""无人机""]",纵横股份:关于收到中标通知书的自愿性信息披露公告,"重要内容提示：

   中标项目：新野县低空综合治理能力提升项目
   中标金额：6,518.00 万元
   风险提示：全资子公司成都纵横大鹏无人机科技有限公司（以下简称“纵
横大鹏”）已收到新野县低空综合治理能力提升项目的中标通知书，尚未与招标
人签订正式协议及合同，合同签署时间及履约安排存在不确定性。",ae00f03744fc42,False,0.55,rule_baseline,pending_human_review,True,2026-06-08
C-AN202606121823517146,AN202606121823517146,002085.SZ,万丰奥威,2026-06-13,project_investment,positive,0.6000000000000001,"[""航空器"", ""通用航空"", ""通航""]",万丰奥威:关于拟以公开摘牌方式收购控股子公司少数股东股权的公告,"二、交易对方概况
     1、基本情况

     企业名称     青岛万盛城丰股权投资合伙企业（有限合伙）
统一社会信用代码      91370212MA3UT95A6A
 执行事务合伙人      青岛城投通航产业新城投资有限公司
     企业类型     有限合伙企业
     成立日期     2021 年 1 月 8 日
    主要经营场所    山东省青岛崂山区海尔路 168 号 803 室
              一般项目：以私募基金从事股权投资、投资管理、资产管理等活动（须
     经营范围     在中国证券投资基金业协会完成备案登记后方可从事经营活动）；",42c537b560c7c8,False,0.55,rule_baseline,pending_human_review,True,2026-06-15
