event_id,document_id,event_date,title,publisher,region,policy_level,event_type,raw_event_type,direction,intensity,uncertainty,novelty,policy_tools,targets,evidence_span,confidence,evidence_match_score,evidence_grounded,accepted,review_status
L-P20210101-01,P20210101,2021-02-24,国家综合立体交通网规划纲要,中共中央 国务院,全国,central,strategic_plan,strategic_plan,positive,3,2,3,"[""规划纲要""]","[""发展低空经济""]",推进交通与装备制造等相关产业融合发展。加强交通运输与现代农业、生产制造、商贸金融等跨行业合作，发展交通运输平台经济、枢纽经济、通道经济、低空经济。,0.9,1.0,True,True,pending_human_review
L-P20210101-02,P20210101,2021-02-24,国家综合立体交通网规划纲要,中共中央 国务院,全国,central,infrastructure,infrastructure_construction,positive,3,2,3,"[""规划建设""]","[""研究布局综合性通用机场""]",研究布局综合性通用机场，疏解繁忙机场的通用航空活动，发展城市直升机运输服务，构建城市群内部快速空中交通网络。,0.9,1.0,True,True,pending_human_review
L-P20210101-03,P20210101,2021-02-24,国家综合立体交通网规划纲要,中共中央 国务院,全国,central,support_measure,technology_innovation,positive,3,2,3,"[""研发应用""]","[""推进智能化通用航空器应用""]",加强智能化载运工具和关键专用装备研发，推进智能网联汽车（智能汽车、自动驾驶、车路协同）、智能化通用航空器应用。,0.9,1.0,True,True,pending_human_review
L-P20210101-04,P20210101,2021-02-24,国家综合立体交通网规划纲要,中共中央 国务院,全国,central,strategic_plan,industry_development,positive,2,2,2,"[""支持发展""]","[""支持国产航空装备产业化商业化""]",支持交通装备制造业延伸服务链条，促进现代装备在交通运输领域应用，带动国产航空装备的产业化、商业化应用，强化交通运输与现代装备制造业的相互支撑。,0.8,1.0,True,True,pending_human_review
L-P20210101-05,P20210101,2021-02-24,国家综合立体交通网规划纲要,中共中央 国务院,西部地区,central,infrastructure,infrastructure_construction,positive,2,2,2,"[""完善设施""]","[""发展通用航空，改善偏远地区居民出行条件""]",优化枢纽布局，完善枢纽体系，发展通用航空，改善偏远地区居民出行条件。,0.8,1.0,True,True,pending_human_review
L-P20210101-06,P20210101,2021-02-24,国家综合立体交通网规划纲要,中共中央 国务院,全国,central,regulation,regulatory_reform,positive,2,3,2,"[""改革""]","[""深化国家空管体制改革""]",推进铁路行业竞争性环节市场化改革，深化国家空管体制改革，实现邮政普遍服务业务与竞争性业务分业经营。,0.7,1.0,True,True,pending_human_review
L-P20210101-07,P20210101,2021-02-24,国家综合立体交通网规划纲要,中共中央 国务院,全国,central,infrastructure,infrastructure_construction,positive,2,2,2,"[""建设""]","[""推进通用航空与旅游融合发展""]",完善公路沿线、服务区、客运枢纽、邮轮游轮游艇码头等旅游服务设施功能，支持红色旅游、乡村旅游、度假休闲旅游、自驾游等相关交通基础设施建设，推进通用航空与旅游融合发展。,0.8,1.0,True,True,pending_human_review
L-P20210101-08,P20210101,2021-02-24,国家综合立体交通网规划纲要,中共中央 国务院,全国,central,strategic_plan,strategic_plan,positive,2,2,2,"[""规划""]","[""统筹考虑新型运输方式探索应用""]",统筹考虑多种运输方式规划建设协同和新型运输方式探索应用，实现陆水空多种运输方式相互协同、深度融合。,0.8,1.0,True,True,pending_human_review
L-P20230601-01,P20230601,2023-06-28,无人驾驶航空器飞行管理暂行条例,国务院 中央军委,全国,central,regulation,strategic_plan,positive,3,2,3,"[""regulation""]","[""规范无人驾驶航空器飞行以及有关活动"", ""促进无人驾驶航空器产业健康有序发展"", ""维护航空安全、公共安全、国家安全""]",为了规范无人驾驶航空器飞行以及有关活动，促进无人驾驶航空器产业健康有序发展，维护航空安全、公共安全、国家安全，制定本条例。,0.95,1.0,True,True,pending_human_review
L-P20230601-02,P20230601,2023-06-28,无人驾驶航空器飞行管理暂行条例,国务院 中央军委,全国,central,infrastructure,infrastructure_construction,positive,3,2,3,"[""platform_construction""]","[""建设无人驾驶航空器一体化综合监管服务平台""]",国家空中交通管理领导机构统筹建设无人驾驶航空器一体化综合监管服务平台，对全国无人驾驶航空器实施动态监管与服务。,0.95,1.0,True,True,pending_human_review
L-P20230601-03,P20230601,2023-06-28,无人驾驶航空器飞行管理暂行条例,国务院 中央军委,全国,central,airspace_reform,airspace_management,positive,3,2,3,"[""airspace_delineation""]","[""划设无人驾驶航空器管制空域"", ""明确适飞空域""]",国家根据需要划设无人驾驶航空器管制空域（以下简称管制空域）。真高120米以上空域，空中禁区、空中限制区以及周边空域，军用航空超低空飞行空域，以及下列区域上方的空域应当划设为管制空域：,0.95,1.0,True,True,pending_human_review
L-P20230601-04,P20230601,2023-06-28,无人驾驶航空器飞行管理暂行条例,国务院 中央军委,全国,central,regulation,regulatory_measure,positive,3,2,3,"[""certification""]","[""实施民用无人驾驶航空器运营合格证制度""]",使用除微型以外的民用无人驾驶航空器从事飞行活动的单位应当具备下列条件，并向国务院民用航空主管部门或者地区民用航空管理机构（以下统称民用航空管理部门）申请取得民用无人驾驶航空器运营合格证,0.95,1.0,True,True,pending_human_review
L-P20230601-05,P20230601,2023-06-28,无人驾驶航空器飞行管理暂行条例,国务院 中央军委,全国,central,regulation,regulatory_measure,positive,3,2,3,"[""licensing""]","[""实施民用无人驾驶航空器操控员执照制度""]",操控小型、中型、大型民用无人驾驶航空器飞行的人员应当具备下列条件，并向国务院民用航空主管部门申请取得相应民用无人驾驶航空器操控员（以下简称操控员）执照,0.95,1.0,True,True,pending_human_review
L-P20230601-06,P20230601,2023-06-28,无人驾驶航空器飞行管理暂行条例,国务院 中央军委,全国,central,regulation,regulatory_measure,positive,3,2,3,"[""registration""]","[""实施民用无人驾驶航空器实名登记制度""]",民用无人驾驶航空器所有者应当依法进行实名登记，具体办法由国务院民用航空主管部门会同有关部门制定。,0.95,1.0,True,True,pending_human_review
L-P20230601-07,P20230601,2023-06-28,无人驾驶航空器飞行管理暂行条例,国务院 中央军委,全国,central,regulation,regulatory_measure,positive,3,2,3,"[""standard_setting""]","[""制定民用无人驾驶航空器系统的国家标准、行业标准""]",国务院标准化行政主管部门和国务院其他有关部门按照职责分工组织制定民用无人驾驶航空器系统的设计、生产和使用的国家标准、行业标准。,0.95,1.0,True,True,pending_human_review
L-P20230601-08,P20230601,2023-06-28,无人驾驶航空器飞行管理暂行条例,国务院 中央军委,全国,central,regulation,regulatory_measure,positive,3,2,3,"[""regulation""]","[""制定无人驾驶航空器反制设备配备、设置、使用以及授权管理办法""]",无人驾驶航空器反制设备配备、设置、使用以及授权管理办法，由国务院工业和信息化、公安、国家安全、市场监督管理部门会同国务院有关部门、有关军事机关制定。,0.95,1.0,True,True,pending_human_review
L-P20240301-01,P20240301,2024-03-27,通用航空装备创新应用实施方案（2024—2030年）,工业和信息化部等,全国,central,strategic_plan,strategic_plan,positive,3,2,3,"[""规划""]","[""到2027年通用航空装备供给能力、产业创新能力显著提升"", ""到2030年形成万亿级市场规模""]",到2027年，我国通用航空装备供给能力、产业创新能力显著提升...到2030年...形成万亿级市场规模,0.95,0.35106382978723405,False,False,pending_human_review
L-P20240301-02,P20240301,2024-03-27,通用航空装备创新应用实施方案（2024—2030年）,工业和信息化部等,全国,central,airspace_reform,infrastructure_construction,positive,3,2,3,"[""基础设施建设""]","[""推动构建目视航线网络"", ""支持探索起降点建设试点"", ""推动建设智能化、集成型、多用途的通用航空基础设施""]",推动构建目视航线网络...支持探索推进楼顶、地面、水上等场景起降点建设试点...推动建设一批智能化、集成型、多用途的通用航空基础设施,0.9,0.5780346820809249,False,False,pending_human_review
L-P20240301-03,P20240301,2024-03-27,通用航空装备创新应用实施方案（2024—2030年）,工业和信息化部等,全国,central,support_measure,technology_innovation,positive,3,2,3,"[""技术攻关"", ""平台建设""]","[""加快关键核心技术突破"", ""完善通用航空装备产品谱系"", ""搭建产业协同创新平台""]",加快关键核心技术突破...完善通用航空装备产品谱系...搭建产业协同创新平台,0.9,0.49056603773584906,False,False,pending_human_review
L-P20240301-04,P20240301,2024-03-27,通用航空装备创新应用实施方案（2024—2030年）,工业和信息化部等,全国,central,other,industrial_chain,positive,3,2,3,"[""产业培育"", ""集群建设""]","[""打造10家以上通用航空产业链龙头企业"", ""建设一批先进制造业集群""]",打造10家以上具有生态主导力的通用航空产业链龙头企业...建设一批先进制造业集群,0.9,0.45925925925925926,False,False,pending_human_review
L-P20240301-05,P20240301,2024-03-27,通用航空装备创新应用实施方案（2024—2030年）,工业和信息化部等,全国,central,support_measure,application_demonstration,positive,3,2,3,"[""示范应用""]","[""扩大航空应急救援示范应用"", ""深化航空物流配送示范应用"", ""加速城市空中交通示范应用""]",扩大航空应急救援示范应用...深化航空物流配送示范应用...加速城市空中交通示范应用,0.9,0.5675675675675675,False,False,pending_human_review
L-P20240301-06,P20240301,2024-03-27,通用航空装备创新应用实施方案（2024—2030年）,工业和信息化部等,全国,central,regulation,regulation_standard,positive,3,2,3,"[""法规标准制定""]","[""完善法规标准体系"", ""建立安全验证体系""]",完善法规标准体系...建立安全验证体系,0.9,0.5853658536585366,False,False,pending_human_review
L-P20240301-07,P20240301,2024-03-27,通用航空装备创新应用实施方案（2024—2030年）,工业和信息化部等,全国,central,fiscal_subsidy,financial_support,positive,3,2,3,"[""金融支持"", ""保险补偿""]","[""探索通用航空装备产业科技金融合作新模式"", ""发挥首台（套）重大技术装备保险补偿政策作用""]",探索通用航空装备产业科技金融合作新模式...充分发挥首台（套）重大技术装备保险补偿政策作用,0.9,0.5609756097560976,False,False,pending_human_review
L-P20240301-08,P20240301,2024-03-27,通用航空装备创新应用实施方案（2024—2030年）,工业和信息化部等,全国,central,support_measure,talent_training,positive,2,2,2,"[""人才培养""]","[""夯实人才队伍基础""]",夯实人才队伍基础,0.85,1.0,True,True,pending_human_review
L-P20240401-01,P20240401,2024-04-09,高质量建设低空飞行服务保障体系,中国民用航空局,全国,central,strategic_plan,strategic_plan,positive,3,2,3,"[""规划""]","[""低空飞行服务保障体系""]",制定实施国家低空飞行服务保障体系建设总体规划,0.9,1.0,True,True,pending_human_review
L-P20240401-02,P20240401,2024-04-09,高质量建设低空飞行服务保障体系,中国民用航空局,全国,central,regulation,regulatory_change,positive,3,2,3,"[""法规标准""]","[""低空飞行服务法规标准体系""]",健全完善低空飞行服务法规标准体系,0.9,1.0,True,True,pending_human_review
L-P20240401-03,P20240401,2024-04-09,高质量建设低空飞行服务保障体系,中国民用航空局,全国,central,infrastructure,infrastructure_construction,positive,3,2,3,"[""平台建设""]","[""低空飞行国家综合监管服务平台""]",建设低空飞行国家综合监管服务平台,0.9,1.0,True,True,pending_human_review
L-P20240401-04,P20240401,2024-04-09,高质量建设低空飞行服务保障体系,中国民用航空局,全国,central,infrastructure,infrastructure_construction,positive,3,2,2,"[""基础设施建设""]","[""通航机场"", ""临时起降点"", ""飞行服务站""]",引导支持地方政府完善通航机场、临时起降点、飞行服务站等规划建设,0.9,1.0,True,True,pending_human_review
L-P20240401-05,P20240401,2024-04-09,高质量建设低空飞行服务保障体系,中国民用航空局,全国,central,support_measure,service_improvement,positive,2,2,2,"[""航图编制"", ""地理信息系统""]","[""低空飞行航图"", ""低空三维数字化网格化地理信息系统""]",组织编制低空飞行航图，建立低空三维数字化网格化地理信息系统,0.9,1.0,True,True,pending_human_review
L-P20240401-06,P20240401,2024-04-09,高质量建设低空飞行服务保障体系,中国民用航空局,全国,central,support_measure,service_improvement,positive,2,2,2,"[""产品供给"", ""人才培养""]","[""低空飞行情报"", ""气象产品"", ""专业人才队伍""]",加大低空飞行情报、气象等产品供给，强化低空飞行服务保障专业人才队伍建设,0.9,1.0,True,True,pending_human_review
L-P20240401-07,P20240401,2024-04-09,高质量建设低空飞行服务保障体系,中国民用航空局,全国,central,regulation,regulatory_change,positive,2,2,2,"[""适航标准"", ""审定模式""]","[""传统通用航空器"", ""无人机""]",优化适航标准、审定模式与技术，加快提升传统通用航空器和无人机适航审定能力,0.9,1.0,True,True,pending_human_review
L-P20240401-08,P20240401,2024-04-09,高质量建设低空飞行服务保障体系,中国民用航空局,全国,central,strategic_plan,strategic_plan,positive,2,2,2,"[""协同机制""]","[""低空飞行服务保障体系建设""]",强化与国家有关部门的协同，进一步理顺行业内部职责分工，推动形成低空飞行服务保障体系建设合力,0.9,1.0,True,True,pending_human_review
L-P20240501-01,P20240501,2024-05-21,广东省推动低空经济高质量发展行动方案（2024—2026年）,广东省人民政府办公厅,广东,province,strategic_plan,strategic_plan,positive,3,2,3,"[""行动方案""]","[""低空经济规模超过3000亿元"", ""全省通用飞机飞行达到15万小时"", ""无人机飞行达到350万小时""]",广东省推动低空经济高质量发展行动方案（2024—2026年）,0.95,1.0,True,True,pending_human_review
L-P20240501-02,P20240501,2024-05-21,广东省推动低空经济高质量发展行动方案（2024—2026年）,广东省人民政府办公厅,广东,province,infrastructure,infrastructure_construction,positive,3,2,3,"[""建设"", ""规划""]","[""建设一批通用机场和起降场、起降点"", ""基本建成安全高效、互联互通的地面基础设施网络"", ""核心区域低空智联基础设施建设完成""]",建设一批通用机场和起降场、起降点，基本建成安全高效、互联互通的地面基础设施网络，核心区域低空智联基础设施建设完成,0.9,1.0,True,True,pending_human_review
L-P20240501-03,P20240501,2024-05-21,广东省推动低空经济高质量发展行动方案（2024—2026年）,广东省人民政府办公厅,广东,province,airspace_reform,airspace_management_reform,positive,3,2,3,"[""协同管理"", ""试点示范""]","[""加强低空空域协同管理"", ""争取低空经济试点示范""]",加强低空空域协同管理。完善相关工作机制，加强“军地民”三方工作协同,0.9,1.0,True,True,pending_human_review
L-P20240501-04,P20240501,2024-05-21,广东省推动低空经济高质量发展行动方案（2024—2026年）,广东省人民政府办公厅,广东,province,support_measure,industry_promotion,positive,3,2,3,"[""支持"", ""培育""]","[""培育一批龙头企业和专精特新企业"", ""基本形成广州、深圳、珠海三核联动、多点支撑、成片发展的低空经济产业格局""]",培育一批龙头企业和专精特新企业。低空经济规模超过3000亿元，基本形成广州、深圳、珠海三核联动、多点支撑、成片发展的低空经济产业格局,0.9,0.7518796992481203,False,False,pending_human_review
L-P20240501-05,P20240501,2024-05-21,广东省推动低空经济高质量发展行动方案（2024—2026年）,广东省人民政府办公厅,广东,province,support_measure,technology_innovation,positive,3,2,3,"[""攻关"", ""布局""]","[""布局一批省级创新平台，争创国家级创新平台1—2家"", ""攻克一批低空领域关键卡脖子技术""]",布局一批省级创新平台，争创国家级创新平台1—2家。攻克一批低空领域关键卡脖子技术，基本实现低空产业链自主可控,0.9,1.0,True,True,pending_human_review
L-P20240501-06,P20240501,2024-05-21,广东省推动低空经济高质量发展行动方案（2024—2026年）,广东省人民政府办公厅,广东,province,support_measure,application_scenario_expansion,positive,3,2,3,"[""拓展"", ""示范""]","[""在城市空中交通、低空物流、全空间无人体系等试点示范取得积极进展""]",在城市空中交通、低空物流、全空间无人体系等试点示范取得积极进展,0.9,1.0,True,True,pending_human_review
L-P20240501-07,P20240501,2024-05-21,广东省推动低空经济高质量发展行动方案（2024—2026年）,广东省人民政府办公厅,广东,province,airspace_reform,regulation_standard,positive,2,2,2,"[""制定条例"", ""标准制修订""]","[""研究制定《广东省低空经济促进条例》"", ""支持企业、高校、科研院所等参与国家、行业、地方、团体的相关标准制修订""]",研究制定《广东省低空经济促进条例》，明确相关参与方主体职责，推动低空空域划设与使用、飞行服务、安全监管、产业培育等规范化发展,0.85,1.0,True,True,pending_human_review
L-P20240501-08,P20240501,2024-05-21,广东省推动低空经济高质量发展行动方案（2024—2026年）,广东省人民政府办公厅,广东,province,fiscal_subsidy,financial_support,positive,2,2,2,"[""政府投资基金"", ""专项基金"", ""融资支持""]","[""通过政府投资基金等方式支持低空产业发展"", ""探索通过市场化方式组建专项基金"", ""支持重点企业通过境内外资本市场进行股权融资和债券融资""]",通过政府投资基金等方式支持低空产业发展，探索通过市场化方式组建专项基金，引导更多资金投向低空经济重点领域,0.85,1.0,True,True,pending_human_review
L-P20240502-01,P20240502,2024-05-22,武汉市支持低空经济高质量发展若干措施,武汉市人民政府,湖北武汉,city,fiscal_subsidy,financial_support,positive,4,1,3,"[""subsidy"", ""reward""]","[""低空经济企业落户""]",对新落户的经营范围为电动垂直起降飞行器（eVTOL）及大、中型无人驾驶航空器整机研发制造、核心零部件研发制造与商业运营等领域的低空经济企业，实缴注册资本规模在1000万元以上且落户第二年产值规模（营业收入）在2000万元以上的，按实缴注册资本的5%给予不超过1000万元的落户奖励。,0.95,1.0,True,True,pending_human_review
L-P20240502-02,P20240502,2024-05-22,武汉市支持低空经济高质量发展若干措施,武汉市人民政府,湖北武汉,city,fiscal_subsidy,infrastructure_construction,positive,4,1,3,"[""subsidy"", ""reward""]","[""低空基础设施""]",鼓励企业开展低空经济相关基础设施建设，对在武汉建设无人机智能起降机巢、中大型无人驾驶航空器起降场、eVTOL起降场、直升机起降平台等低空经济相关基础设施并实际运营的企业，按照实际建设投入的50%分类别给予一次性补贴，每个智能起降机巢不超过10万元，每个中大型起降场、eVTOL起降场、直升机起降平台不超过100万元，每家企业每年该项补贴不超过500万元。,0.95,1.0,True,True,pending_human_review
L-P20240502-03,P20240502,2024-05-22,武汉市支持低空经济高质量发展若干措施,武汉市人民政府,湖北武汉,city,fiscal_subsidy,standard_setting,positive,3,1,3,"[""reward""]","[""低空经济标准规范""]",对依法设立且住所地在武汉市行政区域内的企事业单位或者社会组织，主导制定并获批准发布低空飞行器产品、低空起降设施、低空运营服务等领域国际标准、国家标准、行业标准、地方标准、团体标准且实施后取得良好成效的，按规定分别给予最高不超过100万元、50万元、30万元、10万元、10万元的奖励。,0.95,1.0,True,True,pending_human_review
L-P20240502-04,P20240502,2024-05-22,武汉市支持低空经济高质量发展若干措施,武汉市人民政府,湖北武汉,city,fiscal_subsidy,route_approval,positive,4,1,3,"[""reward""]","[""低空试点航线""]",对在武汉开通低空物流配送试点航线（起终点至少有1个在武汉市内）的低空经济企业给予奖励，对取得行业主管部门审批并使用小型无人驾驶航空器常态化运营（年度执行不少于1000架次）的航线，每条新开航线给予一次性奖励20万元。对取得行业主管部门审批并使用大、中型无人驾驶航空器常态化运营（年度执行不少于500架次）的航线，每条新开航线给予一次性奖励40万元。对取得行业主管部门审批且在公开渠道售票的新开通航短途运输航线（起点终点至少有1个在武汉市内，航线距离不低于25公里）并常态化运营的低空经济企业，每条航线（年度执行不少于100架次）给予不超过每人次500元、每架次不超过3000元的奖励，单条航线年最高奖励200万元。,0.95,1.0,True,True,pending_human_review
L-P20240502-05,P20240502,2024-05-22,武汉市支持低空经济高质量发展若干措施,武汉市人民政府,湖北武汉,city,fiscal_subsidy,innovation_support,positive,4,1,3,"[""subsidy"", ""reward"", ""tax_incentive""]","[""低空经济企业科技创新""]",落实科技型低空经济企业研发费用加计扣除、高新技术企业所得税减免、技术开发及技术转让增值税免税等政策。实施市科技计划项目，支持低空经济企业开展技术攻关。支持在汉企业与高校院所、新型研发机构合作开展科技成果转化，按规定对开展技术交易活动的各类主体给予奖励。鼓励企业独立或者联合高校院所、新型研发机构组建创新联合体。对新获批的低空经济领域国家级产业创新中心、技术创新中心、工程研究中心，给予1000万元资金支持。鼓励低空经济领域科技型企业依托高校院所建立企校联合实验室，支持首次纳入高新技术产业统计名录的企业建立企业研发中心，并给予建设补贴。对自主研制的通用航空器产品（含中型、大型无人机）首次取得国家通用航空器整机型号合格证、生产许可证的企业，分别给予一次性奖励200万元。,0.95,1.0,True,True,pending_human_review
L-P20240502-06,P20240502,2024-05-22,武汉市支持低空经济高质量发展若干措施,武汉市人民政府,湖北武汉,city,fiscal_subsidy,financial_support,positive,4,1,3,"[""fund""]","[""低空经济产业金融支持""]",充分发挥产业基金引导作用，利用多种金融服务方式，支持低空经济新基建、中小企业培育、龙头企业壮大、头部企业上市。引导社会资本设立低空经济领域产业基金，重点投资低空经济领域优质项目。鼓励各区设立低空经济专项基金，市、区共同形成总规模100亿元的低空经济发展基金群。,0.95,1.0,True,True,pending_human_review
L-P20240502-07,P20240502,2024-05-22,武汉市支持低空经济高质量发展若干措施,武汉市人民政府,湖北武汉,city,fiscal_subsidy,talent_introduction,positive,3,1,2,"[""subsidy"", ""reward""]","[""低空经济人才""]",鼓励和支持企业培养引进低空经济领域高层次人才，支持申报武汉英才计划，对战略科技人才提供“一事一议”综合支持，对产业领军人才给予一次性奖励、团队支持和综合保障服务。支持企业开展无人机驾驶员、无人机测绘操控员等岗位技能培训和新型学徒制培训，按规定给予企业每名职工500元至8000元的培训补贴。,0.95,1.0,True,True,pending_human_review
L-P20240502-08,P20240502,2024-05-22,武汉市支持低空经济高质量发展若干措施,武汉市人民政府,湖北武汉,city,fiscal_subsidy,investment_subsidy,positive,3,1,2,"[""subsidy""]","[""低空经济企业投资技改""]",对低空经济领域符合条件的工业企业，在建设期内（最长不超过2年）设备投资达到2000万元及以上的投资项目，按照其生产性设备购置与改造投资额的8%给予最高不超过800万元补助；对建设期内（最长不超过2年）设备投资达到500万元及以上的智能化改造项目，按照其生产性设备投资及研发投入总额的8%给予最高不超过1000万元补助。专精特新“小巨人”企业申请工业技改补助，设备投资额门槛由2000万元调整为500万元。,0.95,1.0,True,True,pending_human_review
L-P20240601-01,P20240601,2024-06-18,关于支持全省低空经济高质量发展的若干政策措施,湖南省人民政府办公厅,湖南,province,fiscal_subsidy,financial_support,positive,3,1,2,"[""subsidy""]","[""传统通航运营""]",对于主运行基地设在湖南的通航企业年飞行小时达到100小时，按照最大起飞重量1吨（含）以下的航空器予以500元/小时、最大起飞重量1吨（不含）—5吨（不含）的航空器予以2000元/小时、最大起飞重量5吨（含）以上的航空器予以3000元/小时的运行补助，单个企业每年补助最高不超过100万元,0.95,1.0,True,True,pending_human_review
L-P20240601-02,P20240601,2024-06-18,关于支持全省低空经济高质量发展的若干政策措施,湖南省人民政府办公厅,湖南,province,fiscal_subsidy,financial_support,positive,3,1,3,"[""subsidy""]","[""新型航空器运营""]",对于利用垂直起降航空器（eVTOL）、飞行汽车等新型飞行器开展商业化飞行的企业，每开通一条固定飞行航线且年飞行小时达到100小时，按照1000元/小时给予运营补贴，单个企业每年补贴最高不超过300万元,0.95,1.0,True,True,pending_human_review
L-P20240601-03,P20240601,2024-06-18,关于支持全省低空经济高质量发展的若干政策措施,湖南省人民政府办公厅,湖南,province,fiscal_subsidy,financial_support,positive,3,1,3,"[""subsidy""]","[""无人机物流配送""]",鼓励无人驾驶航空器（无人机）开展低空物流和配送业务，企业每开通一条固定无人机物流航线或配送航线且常态化运营一年以上，年飞行达到1000架次的（往返为一架次），一次性给予10万元航线补贴,0.95,1.0,True,True,pending_human_review
L-P20240601-04,P20240601,2024-06-18,关于支持全省低空经济高质量发展的若干政策措施,湖南省人民政府办公厅,湖南,province,fiscal_subsidy,application_scenario,positive,2,1,2,"[""subsidy"", ""consumption_voucher""]","[""低空旅游"", ""航空体育""]",鼓励各市州发放低空旅游消费券，鼓励旅行社开展低空旅游业务；每年发放不低于300万元航空体育消费券,0.9,0.5504587155963303,False,False,pending_human_review
L-P20240601-05,P20240601,2024-06-18,关于支持全省低空经济高质量发展的若干政策措施,湖南省人民政府办公厅,湖南,province,fiscal_subsidy,industrial_support,positive,3,1,3,"[""subsidy""]","[""航空制造企业""]",航空制造企业新取得国家通用航空器整机型号合格证、生产许可证，并在省内建设生产线并投产的，按照投产后第一年销售额的5%给予一次性补助，单个型号补助金额最高不超过1000万元,0.95,0.8808290155440415,True,True,pending_human_review
L-P20240601-06,P20240601,2024-06-18,关于支持全省低空经济高质量发展的若干政策措施,湖南省人民政府办公厅,湖南,province,fiscal_subsidy,infrastructure,positive,3,1,2,"[""subsidy""]","[""通用机场建设""]",对符合国土空间规划并纳入全省通用机场布局规划的通用机场（含改扩建）按照工程费用的10%一次性给予支持，单个机场最多不超过1000万元,0.95,1.0,True,True,pending_human_review
L-P20240601-07,P20240601,2024-06-18,关于支持全省低空经济高质量发展的若干政策措施,湖南省人民政府办公厅,湖南,province,regulation,talent_support,positive,2,1,2,"[""talent_policy""]","[""低空经济专业人才""]",将通航飞行员（含大型无人机操作员）和持有机务维修基础执照、航务（管制、签派）执照、安全监督员执照的人才列为紧缺急需或特殊人才，按照省市相应人才政策执行,0.9,1.0,True,True,pending_human_review
L-P20240601-08,P20240601,2024-06-18,关于支持全省低空经济高质量发展的若干政策措施,湖南省人民政府办公厅,湖南,province,fiscal_subsidy,financial_support,positive,3,1,3,"[""reward""]","[""重大低空经济项目""]",对重大低空经济类先进制造业项目，根据其对经济社会实际贡献情况给予奖励，最高奖励2000万元,0.95,1.0,True,True,pending_human_review
L-P20240801-01,P20240801,2024-08-01,关于支持低空经济产业发展的若干措施,河北雄安新区党工委管委会党政办公室,河北雄安,city,fiscal_subsidy,financial_support,positive,4,1,3,"[""grant""]","[""低空经济企业"", ""科研院所""]",对新落户新区开展eVTOL（电动垂直起降航空器）、飞行汽车、大中小型有人/无人驾驶航空器整机研发制造、通用航空器整机研发制造、核心零部件研发制造、商业运营服务等业务的低空经济企业、科研院所、科研机构等创新主体，实缴注册资本规模2000万元以上的，按实缴注册资本的1%给予不超过1000万元的落户奖励。,0.95,1.0,True,True,pending_human_review
L-P20240801-02,P20240801,2024-08-01,关于支持低空经济产业发展的若干措施,河北雄安新区党工委管委会党政办公室,河北雄安,city,fiscal_subsidy,financial_support,positive,3,1,2,"[""grant""]","[""低空经济企业""]",聚焦整机装备、通导设备、新材料、关键零部件、软件研发等核心产品，在政策有效期内，产品形成的累计年度产值（销售额或营业收入）首次达到2000万元以上的企业，按照产品产值（销售额或营业收入）的2%给予一次性资助，单个企业最高不超过500万元。,0.95,1.0,True,True,pending_human_review
L-P20240801-03,P20240801,2024-08-01,关于支持低空经济产业发展的若干措施,河北雄安新区党工委管委会党政办公室,河北雄安,city,fiscal_subsidy,infrastructure_construction,positive,4,1,3,"[""subsidy""]","[""低空经济企业""]",支持新区企业有序规划建设适应低空飞行器航线需要的起降坪、垂直起降点、停机库、航空飞行营地、无人机自动值守机库、低空通导感知服务网络等基础设施，构建低空飞行器起降点和航线网络。对建设无人机小型起降平台、智能起降柜机、充换电站、中转站、气象监测站、低空服务站、低空服务网等基础设施的企业，按照实际建设投入的50%给予一次性补贴，每套基础设施最高不超过20万元，每家企业每年度该项资助金额合计最高不超过500万元。对建设中型起降场、大型起降枢纽、eVTOL（电动垂直起降航空器）起降场、停机库、航空飞行营地跑道、直升机起降平台的企业，按照实际建设投入的50%给予一次性补贴，每个起降场地最高不超过300万元，每家企业每年度该项资助金额合计最高不超过600万元。,0.95,1.0,True,True,pending_human_review
L-P20240801-04,P20240801,2024-08-01,关于支持低空经济产业发展的若干措施,河北雄安新区党工委管委会党政办公室,河北雄安,city,fiscal_subsidy,financial_support,positive,4,1,3,"[""reward""]","[""低空经济企业""]",对在新区获得中国民用航空局颁发的航空器型号合格证（TC）和生产许可证（PC）并在新区经营的低空经济企业给予奖励，其中eVTOL（电动垂直起降航空器）、飞行汽车、通用航空器（有人）每次奖励1500万元，大型无人驾驶航空器每次奖励500万元，中型无人驾驶航空器每次奖励300万元。政策有效期内，每家企业每年奖励不超过3000万元，同一型号仅奖励一次。,0.95,1.0,True,True,pending_human_review
L-P20240801-05,P20240801,2024-08-01,关于支持低空经济产业发展的若干措施,河北雄安新区党工委管委会党政办公室,河北雄安,city,fiscal_subsidy,standard_setting,positive,3,1,2,"[""reward""]","[""低空经济企业"", ""机构""]",对在新区经营的低空经济企业或机构牵头制定并发布的低空领域内的国际标准、国家标准、行业标准、地方标准，按项目分类分别给予奖励。其中，主导国际标准制定、修订的，按项目分别给予不超过100万元、50万元的奖励；主导国家标准制定、修订的，按项目分别给予不超过50万元、20万元的奖励；主导行业标准制定、修订的，按项目分别给予不超过30万元、10万元的奖励；主导地方标准制定、修订的，按项目分别给予不超过20万元、5万元的奖励。,0.95,1.0,True,True,pending_human_review
L-P20240801-06,P20240801,2024-08-01,关于支持低空经济产业发展的若干措施,河北雄安新区党工委管委会党政办公室,河北雄安,city,fiscal_subsidy,route_operation,positive,3,1,3,"[""subsidy""]","[""低空经济企业""]",对经审批在新区新开设低空无人机、轻型有人机货运航线（起点或终点至少一个在新区内）并常态化运营的低空经济企业给予补贴，轻小型无人机按照50元/架次、每家企业每年度不超过500万元给予补贴；中大型无人机、轻型有人机按照200元/架次、每家企业每年度不超过1000万元给予补贴；对于同时开设低空无人机、轻型有人机的货运航线企业，每家企业每年度该项补贴金额不超过1000万元。,0.95,1.0,True,True,pending_human_review
L-P20240801-07,P20240801,2024-08-01,关于支持低空经济产业发展的若干措施,河北雄安新区党工委管委会党政办公室,河北雄安,city,fiscal_subsidy,application_scenario,positive,3,1,3,"[""grant""]","[""低空经济企业"", ""科研机构""]",支持低空经济示范应用场景，鼓励新区企业在城市空中交通、航空物流、应急救援、基础设施建设、智慧城市运营管理AI巡检、环境监测、低空旅游等领域打造标杆性应用场景，开展创新示范应用，打造一批标杆示范项目，形成一批可复制可推广的典型案例。鼓励企业和科研机构加强技术研发和创新，加快推动技术成果形成示范效应。聚焦低空经济领域，为相关技术成果所有者打造或提供创新应用场景，对成功实现落地转化的，每个项目按前期研发投入30%给予最高额度不超过1000万元奖励性后补助。,0.95,1.0,True,True,pending_human_review
L-P20240801-08,P20240801,2024-08-01,关于支持低空经济产业发展的若干措施,河北雄安新区党工委管委会党政办公室,河北雄安,city,fiscal_subsidy,talent_introduction,positive,3,1,3,"[""reward"", ""subsidy""]","[""低空经济领域高端人才""]",创新选人用人机制，对低空经济领域高端人才实行'特岗特薪'，围绕服务承接疏解和重点发展产业，支持用人单位设置首席科学家、首席技术官、首席信息官、首席运营官、首席架构师等特聘岗位，经认定后每年按年薪的50%~100%给予奖励。允许高校、科研院所等国有企事业单位科技人才按规定在雄安兼职兼薪、按劳取酬。对柔性引进的急需高端人才，按累计服务时间，给予每月1~3万元工作津贴。支持开展低空飞行培训，推动更多飞机爱好者到雄安参加实训实操，形成完整的低空飞行员培训模式。,0.95,0.7487179487179487,False,False,pending_human_review
L-P20240901-01,P20240901,2024-09-21,重庆市推动低空空域管理改革促进低空经济高质量发展行动方案（2024—2027年）,重庆市人民政府办公厅,重庆,province,airspace_reform,strategic_plan,positive,3,2,3,"[""plan""]","[""低空经济高质量发展""]",重庆市推动低空空域管理改革促进低空经济高质量发展行动方案（2024—2027年）,0.95,1.0,True,True,pending_human_review
L-P20240901-02,P20240901,2024-09-21,重庆市推动低空空域管理改革促进低空经济高质量发展行动方案（2024—2027年）,重庆市人民政府办公厅,重庆,province,infrastructure,infrastructure_construction,positive,3,1,3,"[""infrastructure_investment""]","[""新建通航起降点200个以上"", ""实现低空飞行县县通""]",新建通航起降点200个以上，实现低空飞行“县县通”,0.9,1.0,True,True,pending_human_review
L-P20240901-03,P20240901,2024-09-21,重庆市推动低空空域管理改革促进低空经济高质量发展行动方案（2024—2027年）,重庆市人民政府办公厅,重庆,province,infrastructure,infrastructure_construction,positive,3,1,3,"[""infrastructure_investment""]","[""新建通航起降点1500个以上"", ""实现低空飞行乡乡通""]",新建通航起降点1500个以上，实现低空飞行“乡乡通”,0.9,1.0,True,True,pending_human_review
L-P20240901-04,P20240901,2024-09-21,重庆市推动低空空域管理改革促进低空经济高质量发展行动方案（2024—2027年）,重庆市人民政府办公厅,重庆,province,fiscal_subsidy,financial_support,positive,3,2,2,"[""financial_incentive""]","[""新增通航制造业投资100亿元以上"", ""低空经济市场主体数量达到400家""]",新增通航制造业投资100亿元以上，低空经济市场主体数量达到400家,0.85,1.0,True,True,pending_human_review
L-P20240901-05,P20240901,2024-09-21,重庆市推动低空空域管理改革促进低空经济高质量发展行动方案（2024—2027年）,重庆市人民政府办公厅,重庆,province,fiscal_subsidy,financial_support,positive,3,2,2,"[""financial_incentive""]","[""新增通航制造业投资200亿元以上"", ""低空经济市场主体数量达到1000家""]",新增通航制造业投资200亿元以上，低空经济市场主体数量达到1000家,0.85,1.0,True,True,pending_human_review
L-P20240901-06,P20240901,2024-09-21,重庆市推动低空空域管理改革促进低空经济高质量发展行动方案（2024—2027年）,重庆市人民政府办公厅,重庆,province,airspace_reform,airspace_management_reform,positive,3,2,3,"[""regulation""]","[""构建军地民一体化协同管理低空空域资源新模式""]",探索构建军地民一体化协同管理低空空域资源新模式,0.9,1.0,True,True,pending_human_review
L-P20240901-07,P20240901,2024-09-21,重庆市推动低空空域管理改革促进低空经济高质量发展行动方案（2024—2027年）,重庆市人民政府办公厅,重庆,province,infrastructure,technology_innovation,positive,3,2,3,"[""research_development""]","[""开发建设以北斗应用为支撑的低空经济发展基础设施体系""]",开发建设以北斗应用为支撑的低空经济发展基础设施体系,0.9,1.0,True,True,pending_human_review
L-P20240901-08,P20240901,2024-09-21,重庆市推动低空空域管理改革促进低空经济高质量发展行动方案（2024—2027年）,重庆市人民政府办公厅,重庆,province,other,cross_region_cooperation,positive,2,2,3,"[""coordination_mechanism""]","[""建立六省一市跨省低空飞行联盟""]",推动与周边6省共建“六省一市”跨省低空飞行联盟,0.85,1.0,True,True,pending_human_review
L-P20240902-01,P20240902,2024-09-30,北京市促进低空经济产业高质量发展行动方案（2024—2027年）,北京市经济和信息化局等,北京,province,regulation,strategic_plan,positive,3,2,3,"[""plan""]","[""低空经济相关企业数量突破5000家"", ""产业规模达到1000亿元""]",力争通过三年时间，低空经济相关企业数量突破5000家，低空技术服务覆盖京津冀、辐射全国，低空产业国际国内影响力和品牌标识度大幅提高，产业集聚集群发展取得明显成效，低空产业体系更加健全，在技术创新、标准政策、低空安全、应用需求等领域形成全国引领示范，产业规模达到1000亿元。,0.95,1.0,True,True,pending_human_review
L-P20240902-02,P20240902,2024-09-30,北京市促进低空经济产业高质量发展行动方案（2024—2027年）,北京市经济和信息化局等,北京,province,infrastructure,infrastructure_construction,positive,3,2,3,"[""infrastructure""]","[""建成飞行管控服务平台、检测实验室、中试基地、起降场等设施""]",到2027年，统筹考虑基础条件和发展需求，科学谋划、适度超前、新旧融合建设低空基础设施。加大既有通用机场设备设施综合利用，推动建成飞行管控服务平台、检测实验室、中试基地、起降场等设施，构建形成便捷高效、智慧精准的低空飞行服务保障体系。,0.9,1.0,True,True,pending_human_review
L-P20240902-03,P20240902,2024-09-30,北京市促进低空经济产业高质量发展行动方案（2024—2027年）,北京市经济和信息化局等,北京,province,airspace_reform,technology_innovation,positive,3,2,3,"[""R&D_support""]","[""建设一批低空经济领域国家级、市级创新平台"", ""攻克一批关键卡脖子技术、低空安全技术""]",到2027年，建设一批低空经济领域国家级、市级创新平台，攻克一批关键卡脖子技术、低空安全技术，国际、国家标准参与度明显提升。基本构建起支撑无人航空器（端）—网联空域及立体基建（网）—数字空管及安防（云）—智慧飞服（服）—多元应用（用）的技术创新体系。,0.9,1.0,True,True,pending_human_review
L-P20240902-04,P20240902,2024-09-30,北京市促进低空经济产业高质量发展行动方案（2024—2027年）,北京市经济和信息化局等,北京,province,regulation,safety_regulation,positive,3,2,3,"[""regulation"", ""technology""]","[""建立起覆盖各类无人机及低慢小航空器的安防反制能力"", ""形成单区域低空防御＋社会面低空安全管控综合解决方案""]",到2027年，建立起覆盖各类无人机及“低慢小”航空器、多种技术搭配、高中低空高效协同的安防反制能力，形成单区域低空防御＋社会面低空安全管控综合解决方案及安防模式，确保首都低空安全，打造全国标杆。,0.9,1.0,True,True,pending_human_review
L-P20240902-05,P20240902,2024-09-30,北京市促进低空经济产业高质量发展行动方案（2024—2027年）,北京市经济和信息化局等,北京,province,airspace_reform,application_scenario,positive,3,2,3,"[""demonstration""]","[""形成10个以上可复制可推广典型应用场景""]",到2027年，围绕应急管理、物流配送、空中摆渡、城际通勤、生态安全、特色文旅等，形成10个以上可复制可推广典型应用场景。基本建成网络化的基础设施体系、空域航路资源及低空应用生态。,0.9,1.0,True,True,pending_human_review
L-P20240902-06,P20240902,2024-09-30,北京市促进低空经济产业高质量发展行动方案（2024—2027年）,北京市经济和信息化局等,北京,province,fiscal_subsidy,industrial_development,positive,3,2,3,"[""financial_support"", ""talent""]","[""培育一批龙头企业和专精特新企业"", ""形成一批具有国际竞争力和品牌影响力的低空产品及服务""]",到2027年，在无人机及电动垂直起降航空器（eVTOL）、通用飞机等低空装备制造、低空智联网、垂直起降场、低空安全等领域培育一批龙头企业和专精特新企业，形成一批具有国际竞争力和品牌影响力的低空产品及服务。,0.9,1.0,True,True,pending_human_review
L-P20240902-07,P20240902,2024-09-30,北京市促进低空经济产业高质量发展行动方案（2024—2027年）,北京市经济和信息化局等,北京,province,airspace_reform,airspace_management,positive,3,2,3,"[""regulation"", ""technology""]","[""突破一批数字化低空飞行及监管服务技术"", ""建立空天地协同的监管运行技术支撑体系""]",到2027年，突破一批数字化低空飞行及监管服务技术，建立空天地协同的监管运行技术支撑体系，推动在京津冀地区协同布局、资源共享、共同发展。建设一批无人机、eVTOL等第三方检测验证技术研发和服务机构，打造服务低空经济全生命周期的产业生态。,0.9,1.0,True,True,pending_human_review
L-P20240902-08,P20240902,2024-09-30,北京市促进低空经济产业高质量发展行动方案（2024—2027年）,北京市经济和信息化局等,京津冀,province,other,regional_cooperation,positive,3,2,3,"[""coordination""]","[""推进京津冀地区飞行服务平台统一建设、协同运行、信息互通""]",推进京津冀地区飞行服务平台统一建设、协同运行、信息互通。加强北京低空技术、装备等在天津、河北等地区应用，推进资源共享，加快形成京内技术输出＋京外技术验证及服务应用的协同发展模式。,0.9,1.0,True,True,pending_human_review
L-P20241001-01,P20241001,2024-10-10,南通市低空经济高质量发展行动方案（2024—2027年）,南通市人民政府办公室,江苏南通,city,airspace_reform,strategic_plan,positive,3,2,3,"[""plan""]","[""新增低空制造业企业50家"", ""新增服务业企业50家"", ""规划建设通用机场1—2个"", ""无人机试飞基地2—3个"", ""新建低空航空器起降场（点）100个以上"", ""新开通低空航线50条以上""]",力争到2027年，全市新增低空制造业企业50家、服务业企业50家，规划建设通用机场1—2个、无人机试飞基地2—3个，新建低空航空器起降场（点）100个以上、新开通低空航线50条以上,0.95,1.0,True,True,pending_human_review
L-P20241001-02,P20241001,2024-10-10,南通市低空经济高质量发展行动方案（2024—2027年）,南通市人民政府办公室,江苏南通,city,infrastructure,infrastructure_construction,positive,3,2,3,"[""infrastructure""]","[""通用机场1—2个"", ""无人机试飞基地2—3个"", ""起降场（点）100个以上""]",规划建设通用机场1—2个、无人机试飞基地2—3个，新建低空航空器起降场（点）100个以上,0.9,1.0,True,True,pending_human_review
L-P20241001-03,P20241001,2024-10-10,南通市低空经济高质量发展行动方案（2024—2027年）,南通市人民政府办公室,江苏南通,city,airspace_reform,airspace_management,positive,3,2,3,"[""regulation""]","[""新开通低空航线50条以上""]",新开通低空航线50条以上,0.9,1.0,True,True,pending_human_review
L-P20241001-04,P20241001,2024-10-10,南通市低空经济高质量发展行动方案（2024—2027年）,南通市人民政府办公室,江苏南通,city,fiscal_subsidy,industrial_development,positive,3,2,3,"[""subsidy"", ""tax_incentive""]","[""新增低空制造业企业50家"", ""新增服务业企业50家""]",全市新增低空制造业企业50家、服务业企业50家,0.9,1.0,True,True,pending_human_review
L-P20241001-05,P20241001,2024-10-10,南通市低空经济高质量发展行动方案（2024—2027年）,南通市人民政府办公室,江苏南通,city,fiscal_subsidy,funding_support,positive,3,2,3,"[""financial_support"", ""government_fund""]",[],积极争取各级财政资金，对符合条件的低空产业项目在重大技术攻关、科技成果转化等方面给予支持。积极争取中央预算内资金、地方政府专项债、超长期特别国债对低空经济重点项目的支持。加大政府投资基金对低空经济的支持力度,0.9,1.0,True,True,pending_human_review
L-P20241001-06,P20241001,2024-10-10,南通市低空经济高质量发展行动方案（2024—2027年）,南通市人民政府办公室,江苏南通,city,support_measure,talent_introduction,positive,2,2,2,"[""talent_policy""]",[],聚焦低空装备制造和场景示范应用，大力引进高层次行业领军人才、青年科技人才、专业运营团队，支持相关人才（团队）申报“江海英才”计划,0.85,1.0,True,True,pending_human_review
L-P20241001-07,P20241001,2024-10-10,南通市低空经济高质量发展行动方案（2024—2027年）,南通市人民政府办公室,江苏南通,city,support_measure,application_scenario,positive,3,2,3,"[""demonstration""]",[],打造低空区域交通网络、推动低空智慧物流配送、丰富低空文体旅游消费、拓展低空公共服务应用,0.9,0.34285714285714286,False,False,pending_human_review
L-P20241001-08,P20241001,2024-10-10,南通市低空经济高质量发展行动方案（2024—2027年）,南通市人民政府办公室,江苏南通,city,regulation,regulatory_framework,positive,2,2,2,"[""regulation""]",[],建立军地民协同管理机制、发挥标准引领作用、建立低空飞行服务平台、推动低空应用领域安全发展,0.85,0.29473684210526313,False,False,pending_human_review
L-P20241002-01,P20241002,2024-07-05,广州市推动低空经济高质量发展若干措施,广州市人民政府办公厅,广东广州,city,fiscal_subsidy,financial_support,positive,3,1,2,"[""财政补贴""]","[""低空经济总部企业""]",对于研发制造类企业，上一年度营业收入达到1亿元以上等相应条件可认定为总部企业，每家企业每年奖励最高不超过100万元,0.95,1.0,True,True,pending_human_review
L-P20241002-02,P20241002,2024-07-05,广州市推动低空经济高质量发展若干措施,广州市人民政府办公厅,广东广州,city,fiscal_subsidy,financial_support,positive,4,1,3,"[""财政补贴""]","[""低空整机研发、制造、运营和检验检测能力建设项目""]",固定资产投资额5亿—100亿元（不含）的项目，市财政按固定资产投资额的2%予以扶持；固定资产投资额达100亿元及以上的重大项目，市财政按固定资产投资额的5%予以扶持,0.95,1.0,True,True,pending_human_review
L-P20241002-03,P20241002,2024-07-05,广州市推动低空经济高质量发展若干措施,广州市人民政府办公厅,广东广州,city,fiscal_subsidy,financial_support,positive,4,1,3,"[""财政补贴""]","[""低空关键设备、核心零部件、材料研制项目""]",对固定资产投资额5亿—100亿元（不含）的项目，市财政按固定资产投资额的2%予以扶持；固定资产投资额达100亿元及以上的重大项目，市财政按固定资产投资额的5%予以扶持,0.95,1.0,True,True,pending_human_review
L-P20241002-04,P20241002,2024-07-05,广州市推动低空经济高质量发展若干措施,广州市人民政府办公厅,广东广州,city,fiscal_subsidy,infrastructure_construction,positive,3,2,3,"[""规划建设"", ""财政资金引导""]","[""低空基础设施""]",规划建设适应低空飞行器航线需要的枢纽型起降场、垂直起降点、无人机试飞场地、自动值守机库、无人机起降机柜等,0.9,1.0,True,True,pending_human_review
L-P20241002-05,P20241002,2024-07-05,广州市推动低空经济高质量发展若干措施,广州市人民政府办公厅,广东广州,city,support_measure,technology_innovation,positive,3,2,3,"[""科技项目资助""]","[""低空产业核心零部件研发制造、软件开发、服务应用""]",支持龙头企业联合产业链上下游中小企业、高校、科研院所组建创新联合体，组织实施一批市重大科技项目，获得立项的给予不超过1000万元资助,0.9,1.0,True,True,pending_human_review
L-P20241002-06,P20241002,2024-07-05,广州市推动低空经济高质量发展若干措施,广州市人民政府办公厅,广东广州,city,fiscal_subsidy,regulatory_certification,positive,4,1,4,"[""财政资助""]","[""适航审定企业""]",获得中国民航局颁发的有人或无人驾驶航空器型号合格证（TC）和生产许可证（PC）的，对最大起飞重量超过150公斤的大型载人无人驾驶航空器，市财政一次性资助1500万元；大型载物无人驾驶航空器，按型号市财政一次性资助150万元,0.95,1.0,True,True,pending_human_review
L-P20241002-07,P20241002,2024-07-05,广州市推动低空经济高质量发展若干措施,广州市人民政府办公厅,广东广州,city,fiscal_subsidy,application_scenario,positive,3,2,3,"[""财政补助""]","[""载人无人驾驶应用场景航线""]",对于开通并取得主管部门审批，起终点至少一个在广州市并实施常态化运营的载人无人驾驶应用场景航线，单条航线年度最高补助100万元，单个企业年度补助不超过200万元,0.9,1.0,True,True,pending_human_review
L-P20241002-08,P20241002,2024-07-05,广州市推动低空经济高质量发展若干措施,广州市人民政府办公厅,广东广州,city,fiscal_subsidy,application_scenario,positive,3,2,3,"[""财政补助""]","[""低空货运应用场景航线""]",对于开通并取得主管部门审批，起终点至少一个在广州市并实施常态化运营的低空货运应用场景航线，单条航线年度最高补助50万元，每个企业年度补助不超过200万元,0.9,1.0,True,True,pending_human_review
L-P20241003-01,P20241003,2024-01-03,深圳经济特区低空经济产业促进条例,深圳市人民代表大会常务委员会,广东深圳,city,strategic_plan,strategic_plan,positive,3,1,3,"[""legislation""]","[""优化低空经济产业发展环境"", ""促进低空经济产业高质量发展""]",为了优化低空经济产业发展环境，促进低空经济产业高质量发展,0.95,1.0,True,True,pending_human_review
L-P20241003-02,P20241003,2024-01-03,深圳经济特区低空经济产业促进条例,深圳市人民代表大会常务委员会,广东深圳,city,infrastructure,infrastructure_construction,positive,3,1,3,"[""planning"", ""investment""]","[""低空飞行起降、中转、货物装卸等物理基础设施"", ""低空飞行通信、导航、监视等信息基础设施"", ""低空飞行数字化管理服务系统""]",市人民政府统筹推进下列低空飞行基础设施的建设：（一）低空飞行起降、中转、货物装卸、乘客候乘、航空器充（换）电、电池存储、飞行测试等物理基础设施；（二）低空飞行通信、导航、监视、气象监测等信息基础设施；（三）低空飞行数字化管理服务系统,0.95,1.0,True,True,pending_human_review
L-P20241003-03,P20241003,2024-01-03,深圳经济特区低空经济产业促进条例,深圳市人民代表大会常务委员会,广东深圳,city,airspace_reform,airspace_management,positive,3,1,3,"[""regulation"", ""coordination""]","[""编制低空空域规划"", ""制定低空空域使用方案"", ""建设低空飞行服务平台""]",市人民政府根据低空经济产业发展需求组织编制低空空域规划，并按照国家有关规定履行审批手续。低空空域划设信息按照国家有关规定公布。,0.9,1.0,True,True,pending_human_review
L-P20241003-04,P20241003,2024-01-03,深圳经济特区低空经济产业促进条例,深圳市人民代表大会常务委员会,广东深圳,city,airspace_reform,industry_application,positive,3,1,3,"[""promotion"", ""demonstration""]","[""开通市内、城际、跨境等低空客货航线"", ""发展空中通勤、城际飞行等城市空中交通新业态"", ""加强无人驾驶航空器在快递、即时配送等物流配送服务领域的应用""]",市交通运输部门应当发展公务飞行、商务飞行等低空飞行服务，推动开通市内、城际、跨境等低空客货航线，发展空中通勤、城际飞行等城市空中交通新业态。,0.9,1.0,True,True,pending_human_review
L-P20241003-05,P20241003,2024-01-03,深圳经济特区低空经济产业促进条例,深圳市人民代表大会常务委员会,广东深圳,city,fiscal_subsidy,financial_support,positive,3,1,2,"[""fiscal_investment"", ""tax_incentive"", ""financial_incentive""]","[""发挥财政性资金的引导作用"", ""带动社会资本参与低空经济产业投资"", ""鼓励金融机构加大对低空经济产业的支持力度""]",市、区人民政府应当发挥财政性资金的引导作用，带动社会资本参与低空经济产业投资，助力培育低空经济企业、拓展低空飞行应用场景、开展低空经济技术创新，构建低空经济产业良好生态。,0.9,1.0,True,True,pending_human_review
L-P20241003-06,P20241003,2024-01-03,深圳经济特区低空经济产业促进条例,深圳市人民代表大会常务委员会,广东深圳,city,industry_standard,technology_innovation,positive,3,1,3,"[""R&D_support"", ""standard_setting""]","[""围绕核心零部件和飞行控制、智能避障等核心技术领域开展技术攻关"", ""推进航空器与大数据、人工智能等新技术融合创新""]",市、区人民政府及其科技创新、工业和信息化、发展改革等部门应当协同企业、高等院校、科研机构等，围绕核心零部件和飞行控制、智能避障、反制以及抗干扰等核心技术领域开展技术攻关，推进航空器与大数据、人工智能等新技术融合创新,0.9,1.0,True,True,pending_human_review
L-P20241003-07,P20241003,2024-01-03,深圳经济特区低空经济产业促进条例,深圳市人民代表大会常务委员会,广东深圳,city,regulation,safety_regulation,positive,3,1,2,"[""regulation"", ""supervision""]","[""建立低空飞行联合监管制度"", ""制定飞行安全管理应急预案"", ""协同查处低空飞行违法行为""]",市人民政府及其相关部门协同空中交通管理机构、民用航空管理部门建立低空飞行联合监管制度，制定飞行安全管理应急预案，协同查处低空飞行违法行为，对低空飞行事故开展联合处置。,0.9,1.0,True,True,pending_human_review
L-P20241003-08,P20241003,2024-01-03,深圳经济特区低空经济产业促进条例,深圳市人民代表大会常务委员会,广东深圳,city,support_measure,talent_development,positive,2,1,2,"[""education"", ""training""]","[""支持市属高校、职业学校等开设低空经济相关支撑学科专业"", ""培养飞行、航空器及其零部件制造、飞行服务与保障等专业人才""]",市教育、科技创新等部门应当支持市属高校、职业学校等开设低空经济相关支撑学科专业，培养飞行、航空器及其零部件制造、飞行服务与保障等专业人才。,0.9,1.0,True,True,pending_human_review
L-P20241101-01,P20241101,2024-09-22,湛江市推动低空经济高质量发展行动方案（2024—2026年）,湛江市人民政府办公室,广东湛江,city,strategic_plan,strategic_plan,positive,3,1,3,"[""plan""]","[""低空经济高质量发展""]",湛江市推动低空经济高质量发展行动方案（2024－2026年）,0.95,1.0,True,True,pending_human_review
L-P20241101-02,P20241101,2024-09-22,湛江市推动低空经济高质量发展行动方案（2024—2026年）,湛江市人民政府办公室,广东湛江,city,infrastructure,infrastructure_construction,positive,3,1,3,"[""infrastructure_investment""]","[""构建“1+4+40”的机场体系""]",加快构建“1+4+40”的机场体系，即1个运输机场（兼通用航空功能）、4个通用机场（跑道型机场/直升机场）、40个直升机起降点,0.95,1.0,True,True,pending_human_review
L-P20241101-03,P20241101,2024-09-22,湛江市推动低空经济高质量发展行动方案（2024—2026年）,湛江市人民政府办公室,广东湛江,city,support_measure,application_scenario,positive,3,1,3,"[""application_promotion""]","[""开发多个特色低空应用场景""]",围绕物流、应急、医疗、交通、文旅、公共服务、智慧农业、海洋经济、“百千万工程”等开发多个特色低空应用场景,0.95,1.0,True,True,pending_human_review
L-P20241101-04,P20241101,2024-09-22,湛江市推动低空经济高质量发展行动方案（2024—2026年）,湛江市人民政府办公室,广东湛江,city,strategic_plan,industry_development,positive,3,1,3,"[""industry_promotion""]","[""低空经济产业规模达到10亿元以上""]",力争低空经济产业规模达到10亿元以上,0.95,1.0,True,True,pending_human_review
L-P20241101-05,P20241101,2024-09-22,湛江市推动低空经济高质量发展行动方案（2024—2026年）,湛江市人民政府办公室,广东湛江,city,support_measure,innovation_support,positive,2,1,2,"[""innovation_platform""]","[""新增市级及以上低空经济产业创新平台3－4家""]",新增市级及以上低空经济产业创新平台3－4家,0.9,1.0,True,True,pending_human_review
L-P20241101-06,P20241101,2024-09-22,湛江市推动低空经济高质量发展行动方案（2024—2026年）,湛江市人民政府办公室,广东湛江,city,fiscal_subsidy,financial_support,positive,2,2,2,"[""financial_incentive""]","[""通过政府投资基金等方式支持低空产业发展""]",通过政府投资基金等方式支持低空产业发展，探索通过市场化方式组建低空经济专项基金,0.85,1.0,True,True,pending_human_review
L-P20241101-07,P20241101,2024-09-22,湛江市推动低空经济高质量发展行动方案（2024—2026年）,湛江市人民政府办公室,广东湛江,city,airspace_reform,airspace_management,positive,2,2,2,"[""regulation""]","[""完善低空管理服务体系""]",推动与省级低空飞行综合管理服务平台数据和服务对接。支持企业积极参与地面配套和信息基础设施建设运营、低空数字底座和管理系统开发维护、低空飞行运营服务等工作,0.85,1.0,True,True,pending_human_review
L-P20241101-08,P20241101,2024-09-22,湛江市推动低空经济高质量发展行动方案（2024—2026年）,湛江市人民政府办公室,广东湛江,city,regulation,safety_regulation,positive,2,1,2,"[""regulation""]","[""构建低空安全监管体系""]",建立健全风险防范机制，严厉打击威胁生产安全、信息安全、飞行安全的违法违规行为，加大查处和惩罚力度,0.9,1.0,True,True,pending_human_review
L-P20241201-01,P20241201,2024-12-31,青浦区低空经济产业高质量发展行动方案（2024—2027年）,上海市青浦区人民政府办公室,上海青浦,district,strategic_plan,strategic_plan,positive,3,2,3,"[""行动方案""]","[""到2027年，建立以工业级无人机、电动垂直起降航空器（eVTOL）和新能源及先进通航飞机等低空新型航空器的研发制造、总部经济、适航审定、商业应用为发展核心的产业集聚区""]",为深入贯彻落实国家及上海市关于低空经济发展的决策部署，推进新型工业化，培育新质生产力，抢抓低空经济产业密集创新和高速增长的战略机遇，推动青浦区低空经济产业高质量发展，结合青浦区低空经济产业现状和发展优势，制定本行动方案。,0.95,1.0,True,True,pending_human_review
L-P20241201-02,P20241201,2024-12-31,青浦区低空经济产业高质量发展行动方案（2024—2027年）,上海市青浦区人民政府办公室,上海青浦,district,infrastructure,infrastructure_construction,positive,3,2,3,"[""规划"", ""建设""]","[""网格化布局50个以上分布式起降场、起降点等起降设施以及通信、导航、能源、气象等新型设施""]",网格化布局50个以上分布式起降场、起降点等起降设施以及通信、导航、能源、气象等新型设施，构建安全高效、互联互通的地面基础设施网络。,0.95,1.0,True,True,pending_human_review
L-P20241201-03,P20241201,2024-12-31,青浦区低空经济产业高质量发展行动方案（2024—2027年）,上海市青浦区人民政府办公室,上海青浦,district,support_measure,industry_promotion,positive,3,2,3,"[""引育"", ""投资""]","[""引育5家以上工业级无人机、eVTOL、新能源及先进通航飞机研发制造、运营服务及关键配套产业的领军企业落地发展"", ""引导50个以上低空产业链项目在青浦落地"", ""低空经济上下游产业链累计投资超60亿元""]",引育5家以上工业级无人机、eVTOL、新能源及先进通航飞机研发制造、运营服务及关键配套产业的领军企业落地发展。引导50个以上低空产业链项目在青浦落地，打造系列标志性产品，产业汇聚成链，低空经济上下游产业链累计投资超60亿元。,0.95,1.0,True,True,pending_human_review
L-P20241201-04,P20241201,2024-12-31,青浦区低空经济产业高质量发展行动方案（2024—2027年）,上海市青浦区人民政府办公室,上海青浦,district,support_measure,industry_promotion,positive,3,2,3,"[""建设"", ""打造""]","[""产业规模达200亿元以上""]",重点构建以低空研发、制造、测试产业和总部经济产业为核心，以低空飞行产业和低空保障产业为支撑，以低空创新服务业和低空文旅商贸业为特色的产业格局，加快产业集聚发展，产业规模达200亿元以上。,0.95,1.0,True,True,pending_human_review
L-P20241201-05,P20241201,2024-12-31,青浦区低空经济产业高质量发展行动方案（2024—2027年）,上海市青浦区人民政府办公室,上海青浦,district,support_measure,application_scenario,positive,3,2,3,"[""实现"", ""形成""]","[""实现物流运输、应急救援、载人交通、低空文旅、智慧城市等新兴领域的“100+”低空飞行服务应用，形成商业模式""]",实现物流运输、应急救援、载人交通、低空文旅、智慧城市等新兴领域的“100+”低空飞行服务应用，形成商业模式。,0.95,1.0,True,True,pending_human_review
L-P20241201-06,P20241201,2024-12-31,青浦区低空经济产业高质量发展行动方案（2024—2027年）,上海市青浦区人民政府办公室,上海青浦,district,support_measure,innovation_platform,positive,3,2,3,"[""布局建设"", ""新增""]","[""新增市级及以上创新平台5家""]",布局建设一批市级创新平台，新增市级及以上创新平台5家。,0.95,1.0,True,True,pending_human_review
L-P20241201-07,P20241201,2024-12-31,青浦区低空经济产业高质量发展行动方案（2024—2027年）,上海市青浦区人民政府办公室,上海青浦,district,airspace_reform,airspace_management,positive,2,3,3,"[""开通"", ""规划""]","[""在长三角区域开通跨省域航线"", ""网格化布局50个以上分布式起降场、起降点等起降设施""]",在长三角区域开通跨省域航线，为建设成为全国低空省际通航城市夯实基础。网格化布局50个以上分布式起降场、起降点等起降设施以及通信、导航、能源、气象等新型设施，构建安全高效、互联互通的地面基础设施网络。,0.9,1.0,True,True,pending_human_review
L-P20241201-08,P20241201,2024-12-31,青浦区低空经济产业高质量发展行动方案（2024—2027年）,上海市青浦区人民政府办公室,上海青浦,district,fiscal_subsidy,financial_support,positive,3,2,3,"[""引导"", ""支持"", ""鼓励""]","[""引导区级产业创投基金向低空经济产业倾斜"", ""鼓励本区金融机构积极开展低空金融、低空保险等业务""]",完善低空经济金融服务体系，引导区级产业创投基金向低空经济产业倾斜，打造专业高效的投融资对接平台。支持头部企业和项目做大做强，扶持低空经济中小型企业健康发展，鼓励本区金融机构积极开展低空金融、低空保险等业务，多渠道助力企业和项目创新发展。,0.95,1.0,True,True,pending_human_review
L-P20251201-01,P20251201,2025-12-22,低空经济及其核心产业统计分类（试行）,国家发展改革委,全国,central,industry_standard,strategic_plan,positive,3,2,3,"[""classification""]","[""界定低空经济及其核心产业统计范围"", ""统计低空经济发展规模、速度、结构""]",为贯彻落实党中央和国务院关于低空经济发展的重大决策部署，界定低空经济及其核心产业统计范围，统计低空经济发展规模、速度、结构，满足各级党委、政府和社会各界对低空经济的统计需求，制定本分类。,0.95,1.0,True,True,pending_human_review
L-P20251201-02,P20251201,2025-12-22,低空经济及其核心产业统计分类（试行）,国家发展改革委,全国,central,infrastructure,regulatory_action,positive,2,1,2,"[""classification""]","[""低空经济范围确定为4个大类"", ""低空经济核心产业包含10个中类，36个小类""]",本分类将低空经济范围确定为：01 低空制造业、02 低空运营业、03 低空基建与信息服务业、04 低空配套业等 4 个大类。低空经济核心产业是指，为低空飞行活动提供产品、基础设施、服务保障，以及依托低空飞行为社会公众提供服务的各类经济活动。本分类中，01—03 大类中的 10 个中类为低空经济核心产业。,0.95,1.0,True,True,pending_human_review
L-P20251201-03,P20251201,2025-12-22,低空经济及其核心产业统计分类（试行）,国家发展改革委,全国,central,infrastructure,infrastructure_plan,positive,2,1,2,"[""classification""]","[""低空基础设施建设"", ""低空飞行管理服务保障设施建设"", ""低空安全防护设施设备建设"", ""低空质量技术设施建设"", ""低空智能网联系统建设""]",0301 低空基础设施建设 030101 低空垂直起降设施建设 030102 低空飞行管理服务保障设施建设 030103 低空安全防护设施设备建设 030104 低空质量技术设施建设 030105 低空智能网联系统建设,0.9,0.22077922077922077,False,False,pending_human_review
L-P20251201-04,P20251201,2025-12-22,低空经济及其核心产业统计分类（试行）,国家发展改革委,全国,central,industry_standard,industry_promotion,positive,2,1,2,"[""classification""]","[""低空制造业"", ""低空运营业"", ""低空基建与信息服务业"", ""低空配套业""]",01 低空制造业、02 低空运营业、03 低空基建与信息服务业、04 低空配套业等 4 个大类。,0.9,1.0,True,True,pending_human_review
L-P20251201-05,P20251201,2025-12-22,低空经济及其核心产业统计分类（试行）,国家发展改革委,全国,central,regulation,regulatory_action,positive,2,1,2,"[""classification""]","[""建立低空经济统计分类体系""]",本分类采用线分类法和分层次编码方法，将低空经济及其核心产业活动划分为三层，分别用阿拉伯数字编码表示。第一层为大类，用 2 位数字表示，共有 4 个大类；第二层为中类，用 4 位数字表示，共有 23 个中类；第三层为小类，用 6 位数字表示，共有 65 个小类。核心产业包含 10 个中类，36 个小类。,0.95,1.0,True,True,pending_human_review
L-P20251201-06,P20251201,2025-12-22,低空经济及其核心产业统计分类（试行）,国家发展改革委,全国,central,industry_standard,strategic_plan,positive,2,2,2,"[""classification""]","[""满足低空经济统计监测需求""]",（四）以满足低空经济统计监测为目的。本分类立足现行统计工作实际，聚焦低空经济统计核算需求，充分考虑分类的可操作性和数据的可获得性，力求全面、准确反映低空经济及其核心产业发展状况。,0.9,1.0,True,True,pending_human_review
L-P20251201-07,P20251201,2025-12-22,低空经济及其核心产业统计分类（试行）,国家发展改革委,全国,central,regulation,regulatory_action,positive,2,1,2,"[""classification""]","[""明确低空经济概念界定""]",低空经济是依托低空航空活动带动相关产业创新和场景应用形成的综合性经济形态。,0.95,1.0,True,True,pending_human_review
L-P20251201-08,P20251201,2025-12-22,低空经济及其核心产业统计分类（试行）,国家发展改革委,全国,central,regulation,regulatory_action,positive,2,1,2,"[""classification""]","[""建立与国民经济行业分类的对应关系""]",（一）本分类所涉及国民经济行业分类的具体范围和说明，与《2017 国民经济行业分类注释》相一致，并建立了对应关系。,0.95,1.0,True,True,pending_human_review
L-P20260201-01,P20260201,2026-02-12,关于推动低空保险高质量发展的实施意见,国家发展改革委等,全国,central,fiscal_subsidy,strategic_plan,positive,3,2,3,"[""规划引导""]","[""到2027年，无人驾驶航空器责任保险强制投保制度初步建立"", ""到2030年，低空保险政策框架基本形成""]",到2027年，无人驾驶航空器责任保险强制投保制度初步建立，低空保险产品不断丰富，更好满足各类应用场景保障需求；到2030年，低空保险政策框架基本形成，对低空经济安全健康发展的保障作用持续增强。,0.95,1.0,True,True,pending_human_review
L-P20260201-02,P20260201,2026-02-12,关于推动低空保险高质量发展的实施意见,国家发展改革委等,全国,central,airspace_reform,regulatory_action,positive,3,2,3,"[""强制投保"", ""飞行审批前置条件""]","[""无人驾驶航空器责任保险强制投保""]",对于按照法律法规应当投保的无人驾驶航空器，推动将强制投保要求纳入飞行活动审批等管理环节的审查前置条件，在飞行运行管理中加强投保情况核查，在事故处置时“凡处必核”。,0.9,1.0,True,True,pending_human_review
L-P20260201-03,P20260201,2026-02-12,关于推动低空保险高质量发展的实施意见,国家发展改革委等,全国,central,fiscal_subsidy,regulatory_action,positive,3,2,3,"[""制定实施办法"", ""示范条款""]","[""无人驾驶航空器责任保险强制投保实施办法"", ""无人驾驶航空器责任保险示范条款""]",依法制定无人驾驶航空器责任保险强制投保实施办法，在风险可控原则下明确基本责任范围和最低保障限额，建立健全无人驾驶航空器责任保险强制投保配套制度体系。出台无人驾驶航空器责任保险示范条款，研究制定服务指引。,0.9,0.95,True,True,pending_human_review
L-P20260201-04,P20260201,2026-02-12,关于推动低空保险高质量发展的实施意见,国家发展改革委等,全国,central,fiscal_subsidy,infrastructure_development,positive,2,2,2,"[""信息平台建设""]","[""低空保险信息平台""]",加快建设低空保险信息平台，建立完善数据规范，支撑精算定价和风险监测。,0.9,1.0,True,True,pending_human_review
L-P20260201-05,P20260201,2026-02-12,关于推动低空保险高质量发展的实施意见,国家发展改革委等,全国,central,fiscal_subsidy,financial_support,positive,2,2,2,"[""保险产品创新""]","[""覆盖低空研发试验、生产制造、飞行运营、基建配套等全产业链保险产品体系""]",引导保险公司主动顺应低空经济发展趋势，逐步建立覆盖低空研发试验、生产制造、飞行运营、基建配套等全产业链保险产品体系。,0.9,1.0,True,True,pending_human_review
L-P20260201-06,P20260201,2026-02-12,关于推动低空保险高质量发展的实施意见,国家发展改革委等,全国,central,fiscal_subsidy,regulatory_action,positive,2,2,2,"[""安全监管规则""]","[""将保险纳入安全监管规则""]",各相关行业主管部门应当完善行业监管规则，采取有效措施，把保险作为强化场景运营安全监管、健全事故处理制度的重要手段，推动有序拓展低空经济应用场景。,0.9,1.0,True,True,pending_human_review
L-P20260201-07,P20260201,2026-02-12,关于推动低空保险高质量发展的实施意见,国家发展改革委等,全国,central,fiscal_subsidy,strategic_plan,positive,2,2,2,"[""统筹协调""]","[""建立常态化联系工作机制""]",国家发展改革委会同金融监管总局、中国民航局统筹推动低空保险实施工作。国家发展改革委牵头建立常态化联系工作机制，指导各地落实有关要求，研究解决在低空保险推进过程中遇到的重点难点问题，形成工作合力。,0.9,0.95,True,True,pending_human_review
L-P20260201-08,P20260201,2026-02-12,关于推动低空保险高质量发展的实施意见,国家发展改革委等,全国,central,fiscal_subsidy,regulatory_action,positive,2,2,2,"[""风险防控""]","[""防范保险欺诈等违法违规活动""]",各相关行业主管部门压实企业风险防控主体责任，严格防范利用保险从事保险欺诈等违法违规活动。,0.9,1.0,True,True,pending_human_review
