model,feature_set,fold,feature,importance_mean,importance_std
logistic,technical_only,1,return_lag_1,0.0035271317829457583,0.003129736626898721
logistic,technical_only,1,return_lag_2,0.010439276485788119,0.007160420725705933
logistic,technical_only,1,return_lag_5,-0.007661498708010322,0.003999349779226337
logistic,technical_only,1,return_lag_10,0.0037467700258398016,0.0028791374389825985
logistic,technical_only,1,return_lag_20,-0.007532299741602066,0.004879908414384217
logistic,technical_only,1,volatility_5d,-0.014289405684754498,0.016010582803040206
logistic,technical_only,1,volatility_10d,-0.0004005167958656186,0.0036944805336804544
logistic,technical_only,1,volatility_20d,0.008643410852713185,0.02967047723441182
logistic,technical_only,1,momentum_5d,-0.022196382428940564,0.01546504612074175
logistic,technical_only,1,momentum_10d,-0.03536175710594314,0.022599410671783244
logistic,technical_only,1,momentum_20d,-0.023410852713178294,0.01636995261763669
logistic,technical_only,1,HS300,0.011770025839793285,0.009513370055687453
logistic,technical_only,1,SSE,0.023733850129198965,0.017158775567571637
logistic,technical_only,1,CYB,-0.03572351421188631,0.011003816124996882
logistic,technical_only,2,return_lag_1,0.014645486245641248,0.0046751904946403505
logistic,technical_only,2,return_lag_2,0.045215032932971765,0.007015639280929655
logistic,technical_only,2,return_lag_5,0.016363166731241174,0.009857378761542322
logistic,technical_only,2,return_lag_10,0.0051917861294073055,0.00586933126269118
logistic,technical_only,2,return_lag_20,0.004701020276378709,0.0038011049234967565
logistic,technical_only,2,volatility_5d,-0.0004649360712901451,0.0037418430794082746
logistic,technical_only,2,volatility_10d,0.04375565026475535,0.016164140378875928
logistic,technical_only,2,volatility_20d,0.11003487020534682,0.021866859212305054
logistic,technical_only,2,momentum_5d,0.009402040552757363,0.013221947126257442
logistic,technical_only,2,momentum_10d,0.06452279478238412,0.02518365305674043
logistic,technical_only,2,momentum_20d,0.038693013044039846,0.025092021038251554
logistic,technical_only,2,HS300,-0.0031641482629471197,0.004222300333075859
logistic,technical_only,2,SSE,0.05523698824744936,0.014039864529168276
logistic,technical_only,2,CYB,0.019630634121141743,0.008705824381429769
logistic,technical_only,3,return_lag_1,0.0011937557392102116,0.004474996823492075
logistic,technical_only,3,return_lag_2,0.009759937032664256,0.009879873393067241
logistic,technical_only,3,return_lag_5,-0.00342384887839442,0.0074236582597105695
logistic,technical_only,3,return_lag_10,0.0006427915518823935,0.004486518560453882
logistic,technical_only,3,return_lag_20,-0.0012331103240194818,0.0004809209702170734
logistic,technical_only,3,volatility_5d,-0.0012462285189558276,0.007905658165973864
logistic,technical_only,3,volatility_10d,0.00047225501770947753,0.028059337534998337
logistic,technical_only,3,volatility_20d,0.026971008789190593,0.0307651850017237
logistic,technical_only,3,momentum_5d,0.00035419126328213314,0.000992224746023917
logistic,technical_only,3,momentum_10d,0.00948445493900033,0.013506269516808922
logistic,technical_only,3,momentum_20d,0.01209497573133932,0.027685595340164057
logistic,technical_only,3,HS300,-0.0016266561721107742,0.0034193978616545214
logistic,technical_only,3,SSE,-0.003633739997376417,0.010291397414044294
logistic,technical_only,3,CYB,-0.01641086186540739,0.009706657627690544
logistic,technical_only,4,return_lag_1,0.006029889538661515,0.01136596193075616
logistic,technical_only,4,return_lag_2,0.030851202079272284,0.011251719853053442
logistic,technical_only,4,return_lag_5,-0.0004808317089018299,0.004529450887145352
logistic,technical_only,4,return_lag_10,-0.0036777128005197834,0.013084303142926967
logistic,technical_only,4,return_lag_20,0.0034567901234568545,0.008151826253650624
logistic,technical_only,4,volatility_5d,0.014178037686809641,0.006962081991214744
logistic,technical_only,4,volatility_10d,-0.023300844704353462,0.021529196404232308
logistic,technical_only,4,volatility_20d,0.021130604288499045,0.027387383153331488
logistic,technical_only,4,momentum_5d,0.004743339831059179,0.007597228140365974
logistic,technical_only,4,momentum_10d,0.0007797270955166025,0.0071626043925526895
logistic,technical_only,4,momentum_20d,0.006198830409356759,0.004480717884185271
logistic,technical_only,4,HS300,-0.0033918128654970457,0.0254244610476193
logistic,technical_only,4,SSE,0.027160493827160542,0.023305087952629373
logistic,technical_only,4,CYB,0.00029889538661471705,0.0019117453316646238
logistic,technical_only,5,return_lag_1,-0.013880208333333328,0.008991580745650662
logistic,technical_only,5,return_lag_2,-0.005742187499999984,0.01877904380327616
logistic,technical_only,5,return_lag_5,-0.0003385416666666807,0.0023111153887847803
logistic,technical_only,5,return_lag_10,0.010143229166666667,0.009235700121716883
logistic,technical_only,5,return_lag_20,0.00955729166666668,0.008017535171465995
logistic,technical_only,5,volatility_5d,0.014062499999999995,0.009765277771604715
logistic,technical_only,5,volatility_10d,-0.01037760416666666,0.005481770833333345
logistic,technical_only,5,volatility_20d,-0.031458333333333345,0.03132830900126071
logistic,technical_only,5,momentum_5d,-0.0028906249999999744,0.005857001834224663
logistic,technical_only,5,momentum_10d,0.00867187499999999,0.003368950339332544
logistic,technical_only,5,momentum_20d,-0.015143229166666656,0.004302809191439242
logistic,technical_only,5,HS300,-0.02049479166666669,0.023910816784212845
logistic,technical_only,5,SSE,0.010625,0.027818436768843664
logistic,technical_only,5,CYB,-0.0010286458333333415,0.002522448314031782
hist_gradient_boosting,technical_only,1,return_lag_1,-0.030251937984496113,0.015870820438667253
hist_gradient_boosting,technical_only,1,return_lag_2,-0.015025839793281653,0.007862062315325572
hist_gradient_boosting,technical_only,1,return_lag_5,0.00010335917312662702,0.002188616762569487
hist_gradient_boosting,technical_only,1,return_lag_10,0.0058204134366925285,0.008805620458105774
hist_gradient_boosting,technical_only,1,return_lag_20,-0.0053875968992248,0.00446589454529526
hist_gradient_boosting,technical_only,1,volatility_5d,-0.003785529715762259,0.01191688712651633
hist_gradient_boosting,technical_only,1,volatility_10d,0.012971576227390197,0.011297664714346215
hist_gradient_boosting,technical_only,1,volatility_20d,0.0068475452196382625,0.035256549141348584
hist_gradient_boosting,technical_only,1,momentum_5d,-0.003578811369509061,0.002928601736412956
hist_gradient_boosting,technical_only,1,momentum_10d,-0.008087855297157614,0.005501570528059259
hist_gradient_boosting,technical_only,1,momentum_20d,0.005633074935400534,0.016945979936357936
hist_gradient_boosting,technical_only,1,HS300,0.0018087855297157784,0.0015482327833534976
hist_gradient_boosting,technical_only,1,SSE,0.015801033591731274,0.006110182337603302
hist_gradient_boosting,technical_only,1,CYB,0.007002583979328181,0.0020524344643214933
hist_gradient_boosting,technical_only,2,return_lag_1,0.008833785354513757,0.006439650024479327
hist_gradient_boosting,technical_only,2,return_lag_2,0.009466615007103241,0.004079572605226289
hist_gradient_boosting,technical_only,2,return_lag_5,0.007593955831073251,0.01020975831730459
hist_gradient_boosting,technical_only,2,return_lag_10,0.009066253390158884,0.008339620153464261
hist_gradient_boosting,technical_only,2,return_lag_20,0.005359679710706433,0.013059534837100418
hist_gradient_boosting,technical_only,2,volatility_5d,0.004158594859873477,0.021719053033388554
hist_gradient_boosting,technical_only,2,volatility_10d,-0.002066382539067502,0.004666191357035137
hist_gradient_boosting,technical_only,2,volatility_20d,0.027340823970037488,0.029320104771657148
hist_gradient_boosting,technical_only,2,momentum_5d,0.014012656593051832,0.0033901281032780724
hist_gradient_boosting,technical_only,2,momentum_10d,0.001330233759524757,0.0015466087348706447
hist_gradient_boosting,technical_only,2,momentum_20d,-0.022652718584527977,0.007521125054379685
hist_gradient_boosting,technical_only,2,HS300,-0.011765465581815803,0.0040764641408426805
hist_gradient_boosting,technical_only,2,SSE,0.011223040165310626,0.00912205538768902
hist_gradient_boosting,technical_only,2,CYB,0.00029704248999097295,0.0025341174857664603
hist_gradient_boosting,technical_only,3,return_lag_1,0.004460186278368028,0.0039498621368760116
hist_gradient_boosting,technical_only,3,return_lag_2,0.010455201364292187,0.0033036240799544626
hist_gradient_boosting,technical_only,3,return_lag_5,-0.010625737898465248,0.0060375058154432575
hist_gradient_boosting,technical_only,3,return_lag_10,-0.0004984914075823576,0.004702758533623937
hist_gradient_boosting,technical_only,3,return_lag_20,0.0027089072543617365,0.007411899130573883
hist_gradient_boosting,technical_only,3,volatility_5d,-0.00022300931391845414,0.002266108848347697
hist_gradient_boosting,technical_only,3,volatility_10d,-0.01996589269316551,0.0075328143273389325
hist_gradient_boosting,technical_only,3,volatility_20d,0.08225108225108219,0.03430005376656875
hist_gradient_boosting,technical_only,3,momentum_5d,0.01163583890856611,0.0035564827299754903
hist_gradient_boosting,technical_only,3,momentum_10d,0.007857798766889657,0.004587787438220475
hist_gradient_boosting,technical_only,3,momentum_20d,0.006152433425160653,0.00637831675745669
hist_gradient_boosting,technical_only,3,HS300,-0.005627705627705692,0.005258563883005967
hist_gradient_boosting,technical_only,3,SSE,0.001115046569591971,0.005773868851287331
hist_gradient_boosting,technical_only,3,CYB,0.003095894004984834,0.004237075429216636
hist_gradient_boosting,technical_only,4,return_lag_1,-0.019935022742040287,0.02002288305403976
hist_gradient_boosting,technical_only,4,return_lag_2,-0.002339181286549685,0.006962457970215744
hist_gradient_boosting,technical_only,4,return_lag_5,0.0044834307992203,0.007252172278380143
hist_gradient_boosting,technical_only,4,return_lag_10,0.008200129954515911,0.018034526615700656
hist_gradient_boosting,technical_only,4,return_lag_20,0.012826510721247552,0.013139044246583392
hist_gradient_boosting,technical_only,4,volatility_5d,0.017556855100714763,0.016628435696617743
hist_gradient_boosting,technical_only,4,volatility_10d,-0.015230669265756992,0.010881283374042275
hist_gradient_boosting,technical_only,4,volatility_20d,0.06050682261208575,0.017148403207409978
hist_gradient_boosting,technical_only,4,momentum_5d,-0.017699805068226084,0.009143443113636513
hist_gradient_boosting,technical_only,4,momentum_10d,0.010994152046783601,0.0055489817434557715
hist_gradient_boosting,technical_only,4,momentum_20d,-0.0034957764782325928,0.007964939738820193
hist_gradient_boosting,technical_only,4,HS300,0.012956465237167003,0.006887356402450762
hist_gradient_boosting,technical_only,4,SSE,-0.005107212475633482,0.026449626375174822
hist_gradient_boosting,technical_only,4,CYB,0.006848602988953833,0.005290298147875589
hist_gradient_boosting,technical_only,5,return_lag_1,-0.020494791666666685,0.008671953202850595
hist_gradient_boosting,technical_only,5,return_lag_2,-0.04321614583333337,0.015191295259462093
hist_gradient_boosting,technical_only,5,return_lag_5,-0.002408854166666685,0.007081047137950609
hist_gradient_boosting,technical_only,5,return_lag_10,0.0004036458333333048,0.009391162644643233
hist_gradient_boosting,technical_only,5,return_lag_20,-0.026510416666666668,0.014772214321902538
hist_gradient_boosting,technical_only,5,volatility_5d,-0.000572916666666684,0.005535983046391168
hist_gradient_boosting,technical_only,5,volatility_10d,0.004622395833333315,0.004230568739520623
hist_gradient_boosting,technical_only,5,volatility_20d,-0.034192708333333356,0.02517396880732462
hist_gradient_boosting,technical_only,5,momentum_5d,-0.035963541666666675,0.015545239130853417
hist_gradient_boosting,technical_only,5,momentum_10d,0.005429687499999952,0.009833281263655408
hist_gradient_boosting,technical_only,5,momentum_20d,-0.04355468750000001,0.014054088195949646
hist_gradient_boosting,technical_only,5,HS300,-0.022135416666666685,0.013557307673828425
hist_gradient_boosting,technical_only,5,SSE,-0.003919270833333344,0.022509963102065208
hist_gradient_boosting,technical_only,5,CYB,0.00816406249999998,0.008414733060301348
logistic,technical_plus_realtime_index,1,return_lag_1,0.006201550387596922,0.0020607133888761605
logistic,technical_plus_realtime_index,1,return_lag_2,0.012894056847545238,0.005367218040296515
logistic,technical_plus_realtime_index,1,return_lag_5,-0.008165374677002585,0.004162453050431302
logistic,technical_plus_realtime_index,1,return_lag_10,0.0030232558139535017,0.004866601113218743
logistic,technical_plus_realtime_index,1,return_lag_20,-0.007002583979328153,0.005392041121766422
logistic,technical_plus_realtime_index,1,volatility_5d,-0.016188630490956053,0.01704036411898723
logistic,technical_plus_realtime_index,1,volatility_10d,-0.0009689922480619895,0.003214043400786489
logistic,technical_plus_realtime_index,1,volatility_20d,0.008901808785529718,0.027747200886248203
logistic,technical_plus_realtime_index,1,momentum_5d,-0.01249354005167958,0.014002694605059103
logistic,technical_plus_realtime_index,1,momentum_10d,-0.03047803617571058,0.022800411161651067
logistic,technical_plus_realtime_index,1,momentum_20d,-0.007932816537467696,0.012547102262559326
logistic,technical_plus_realtime_index,1,HS300,0.014211886304909577,0.007609808153784921
logistic,technical_plus_realtime_index,1,SSE,0.027764857881136966,0.014485324640134654
logistic,technical_plus_realtime_index,1,CYB,-0.03537467700258395,0.010097012882886131
logistic,technical_plus_realtime_index,1,realtime_sentiment_lag1,0.010490956072351437,0.016594982350992347
logistic,technical_plus_realtime_index,1,realtime_sentiment_change_lag1,0.0008914728682170636,0.0015754329340274256
logistic,technical_plus_realtime_index,2,return_lag_1,0.008497998191915213,0.003264581960399662
logistic,technical_plus_realtime_index,2,return_lag_2,0.024112101252744413,0.006593693707229411
logistic,technical_plus_realtime_index,2,return_lag_5,0.012540359033966164,0.0051128779061759486
logistic,technical_plus_realtime_index,2,return_lag_10,0.001472297559085578,0.004642611370980679
logistic,technical_plus_realtime_index,2,return_lag_20,0.002686297300787821,0.002887164221582034
logistic,technical_plus_realtime_index,2,volatility_5d,0.0032287227172930312,0.002769333276324409
logistic,technical_plus_realtime_index,2,volatility_10d,0.03356580136897841,0.013582812440954072
logistic,technical_plus_realtime_index,2,volatility_20d,0.08760170476559467,0.02046641871160496
logistic,technical_plus_realtime_index,2,momentum_5d,0.006806147488053716,0.008974511108813399
logistic,technical_plus_realtime_index,2,momentum_10d,0.023944207671445138,0.017846229684975852
logistic,technical_plus_realtime_index,2,momentum_20d,0.02750871755133667,0.020382791237858383
logistic,technical_plus_realtime_index,2,HS300,-0.001562701795169874,0.002268356373172172
logistic,technical_plus_realtime_index,2,SSE,0.02526152654010072,0.011057620655421322
logistic,technical_plus_realtime_index,2,CYB,0.01212708252615261,0.0065179779379249386
logistic,technical_plus_realtime_index,2,realtime_sentiment_lag1,-0.04215420379697795,0.019505179718688297
logistic,technical_plus_realtime_index,2,realtime_sentiment_change_lag1,-0.0006199147617202527,0.006603488651427553
logistic,technical_plus_realtime_index,3,return_lag_1,0.0006952643316278873,0.004233764046993388
logistic,technical_plus_realtime_index,3,return_lag_2,0.011557129738947802,0.007846490147659365
logistic,technical_plus_realtime_index,3,return_lag_5,-0.0028204119113210747,0.005801817400094342
logistic,technical_plus_realtime_index,3,return_lag_10,0.0023743932834840776,0.0025969056485398126
logistic,technical_plus_realtime_index,3,return_lag_20,-0.0007346189164372352,0.0008238393529113186
logistic,technical_plus_realtime_index,3,volatility_5d,0.000669027941755096,0.006577293401811795
logistic,technical_plus_realtime_index,3,volatility_10d,0.011124229306047406,0.0319231644385061
logistic,technical_plus_realtime_index,3,volatility_20d,0.025934671389216724,0.023959516688920022
logistic,technical_plus_realtime_index,3,momentum_5d,0.0009051554506098736,0.001759452680118426
logistic,technical_plus_realtime_index,3,momentum_10d,0.011780139052866212,0.012940126872858148
logistic,technical_plus_realtime_index,3,momentum_20d,0.0180637544273907,0.026682102149638176
logistic,technical_plus_realtime_index,3,HS300,0.0002361275088546555,0.004586793320530013
logistic,technical_plus_realtime_index,3,SSE,0.0017709563164107212,0.010768472054246518
logistic,technical_plus_realtime_index,3,CYB,-0.008999081726354562,0.009484046687632953
logistic,technical_plus_realtime_index,3,realtime_sentiment_lag1,0.005417814508723496,0.0028476153771037835
logistic,technical_plus_realtime_index,3,realtime_sentiment_change_lag1,0.003213957759412156,0.0058974274809924085
logistic,technical_plus_realtime_index,4,return_lag_1,0.0004808317089018743,0.011779651093133645
logistic,technical_plus_realtime_index,4,return_lag_2,0.019220272904483433,0.009237279978890685
logistic,technical_plus_realtime_index,4,return_lag_5,0.0005588044184535512,0.0031389060007307335
logistic,technical_plus_realtime_index,4,return_lag_10,-0.001962313190383347,0.010447801588740814
logistic,technical_plus_realtime_index,4,return_lag_20,-0.0015594541910331384,0.009053456489495801
logistic,technical_plus_realtime_index,4,volatility_5d,0.0015724496426250734,0.0026635603884945093
logistic,technical_plus_realtime_index,4,volatility_10d,-0.020220922677063012,0.026989660196742177
logistic,technical_plus_realtime_index,4,volatility_20d,0.015971410006497728,0.03807660441706091
logistic,technical_plus_realtime_index,4,momentum_5d,-0.0013645224171539906,0.008634350552343623
logistic,technical_plus_realtime_index,4,momentum_10d,0.002469135802469158,0.006105096632382752
logistic,technical_plus_realtime_index,4,momentum_20d,0.0002079272254710829,0.0012814859556201151
logistic,technical_plus_realtime_index,4,HS300,-0.01916829109811562,0.021886227209426155
logistic,technical_plus_realtime_index,4,SSE,0.005393112410656276,0.024309293970995436
logistic,technical_plus_realtime_index,4,CYB,1.2995451591957253e-05,0.002191150294738006
logistic,technical_plus_realtime_index,4,realtime_sentiment_lag1,-0.010760233918128647,0.01762892284528759
logistic,technical_plus_realtime_index,4,realtime_sentiment_change_lag1,-0.005458089668615973,0.006598055821876876
logistic,technical_plus_realtime_index,5,return_lag_1,-0.0060546875000000114,0.005685573377321429
logistic,technical_plus_realtime_index,5,return_lag_2,-0.002981770833333336,0.014201479753215502
logistic,technical_plus_realtime_index,5,return_lag_5,-0.0017447916666666562,0.0022289597840136266
logistic,technical_plus_realtime_index,5,return_lag_10,0.008893229166666666,0.007714895943037221
logistic,technical_plus_realtime_index,5,return_lag_20,0.011549479166666649,0.007577643974567235
logistic,technical_plus_realtime_index,5,volatility_5d,0.007447916666666632,0.004943391571147747
logistic,technical_plus_realtime_index,5,volatility_10d,-0.01944010416666666,0.008717163476346582
logistic,technical_plus_realtime_index,5,volatility_20d,-0.019583333333333376,0.031484267300615376
logistic,technical_plus_realtime_index,5,momentum_5d,-0.005234375000000008,0.004671485955559122
logistic,technical_plus_realtime_index,5,momentum_10d,0.009648437499999963,0.003022656822122375
logistic,technical_plus_realtime_index,5,momentum_20d,-0.0009635416666666341,0.00033552340434179914
logistic,technical_plus_realtime_index,5,HS300,-0.004166666666666691,0.025769410160110404
logistic,technical_plus_realtime_index,5,SSE,0.031145833333333317,0.02400695643450587
logistic,technical_plus_realtime_index,5,CYB,0.0005598958333333237,0.00145815893674488
logistic,technical_plus_realtime_index,5,realtime_sentiment_lag1,0.005507812499999987,0.009249751090518347
logistic,technical_plus_realtime_index,5,realtime_sentiment_change_lag1,0.023919270833333332,0.007472200087176145
hist_gradient_boosting,technical_plus_realtime_index,1,return_lag_1,-0.032700258397932766,0.01496740332645129
hist_gradient_boosting,technical_plus_realtime_index,1,return_lag_2,-0.009121447028423735,0.006171925364143578
hist_gradient_boosting,technical_plus_realtime_index,1,return_lag_5,0.0023514211886305424,0.0023532661643467737
hist_gradient_boosting,technical_plus_realtime_index,1,return_lag_10,0.0012273901808786125,0.004228676446783771
hist_gradient_boosting,technical_plus_realtime_index,1,return_lag_20,-0.0036627906976743506,0.0020152657548330975
hist_gradient_boosting,technical_plus_realtime_index,1,volatility_5d,0.011963824289405716,0.007970057942597225
hist_gradient_boosting,technical_plus_realtime_index,1,volatility_10d,0.008346253229974232,0.0068847897456123545
hist_gradient_boosting,technical_plus_realtime_index,1,volatility_20d,-0.010310077519379795,0.022732836251550786
hist_gradient_boosting,technical_plus_realtime_index,1,momentum_5d,-0.0006718346253229701,0.001347390989610709
hist_gradient_boosting,technical_plus_realtime_index,1,momentum_10d,-0.01036175710594311,0.002861574821686238
hist_gradient_boosting,technical_plus_realtime_index,1,momentum_20d,0.001989664082687387,0.012185072275219175
hist_gradient_boosting,technical_plus_realtime_index,1,HS300,0.0005297157622739523,0.0006798616081097029
hist_gradient_boosting,technical_plus_realtime_index,1,SSE,0.017454780361757138,0.005420647297975146
hist_gradient_boosting,technical_plus_realtime_index,1,CYB,0.0052713178294574005,0.002195470246816819
hist_gradient_boosting,technical_plus_realtime_index,1,realtime_sentiment_lag1,-0.014121447028423734,0.015245155035338022
hist_gradient_boosting,technical_plus_realtime_index,1,realtime_sentiment_change_lag1,-0.015826873385012864,0.010408378109758925
hist_gradient_boosting,technical_plus_realtime_index,2,return_lag_1,0.013935167247836767,0.0056993897748588065
hist_gradient_boosting,technical_plus_realtime_index,2,return_lag_2,0.020534676481983795,0.006830011677556874
hist_gradient_boosting,technical_plus_realtime_index,2,return_lag_5,5.165956347666922e-05,0.008619410163728237
hist_gradient_boosting,technical_plus_realtime_index,2,return_lag_10,-0.0001937233630375901,0.005574163251287561
hist_gradient_boosting,technical_plus_realtime_index,2,return_lag_20,0.0010977657238796512,0.009055770078019202
hist_gradient_boosting,technical_plus_realtime_index,2,volatility_5d,-0.008678806664083683,0.013404487114586895
hist_gradient_boosting,technical_plus_realtime_index,2,volatility_10d,0.034172801239829534,0.012148814810622877
hist_gradient_boosting,technical_plus_realtime_index,2,volatility_20d,-0.002905850445563696,0.019435451878472135
hist_gradient_boosting,technical_plus_realtime_index,2,momentum_5d,0.010034870205346769,0.004146484557025344
hist_gradient_boosting,technical_plus_realtime_index,2,momentum_10d,0.001485212449954798,0.001650126868033156
hist_gradient_boosting,technical_plus_realtime_index,2,momentum_20d,-0.005630892418959088,0.0057340370177041446
hist_gradient_boosting,technical_plus_realtime_index,2,HS300,-0.0011235955056179913,0.0019916168740381347
hist_gradient_boosting,technical_plus_realtime_index,2,SSE,0.012204571871367653,0.006167384401296567
hist_gradient_boosting,technical_plus_realtime_index,2,CYB,0.0017176804855998707,0.004297787725429851
hist_gradient_boosting,technical_plus_realtime_index,2,realtime_sentiment_lag1,-0.0139222523569676,0.005690119765581764
hist_gradient_boosting,technical_plus_realtime_index,2,realtime_sentiment_change_lag1,-0.006121658271987629,0.006428762333186723
hist_gradient_boosting,technical_plus_realtime_index,3,return_lag_1,0.007831562377016954,0.006051186008990599
hist_gradient_boosting,technical_plus_realtime_index,3,return_lag_2,0.0180899908172636,0.010411657697274054
hist_gradient_boosting,technical_plus_realtime_index,3,return_lag_5,-0.016305916305916247,0.005314099649671368
hist_gradient_boosting,technical_plus_realtime_index,3,return_lag_10,-0.0034632034632033903,0.003607002696193272
hist_gradient_boosting,technical_plus_realtime_index,3,return_lag_20,0.009773055227600736,0.004466451603367022
hist_gradient_boosting,technical_plus_realtime_index,3,volatility_5d,0.002387511478420601,0.0027974685266805395
hist_gradient_boosting,technical_plus_realtime_index,3,volatility_10d,-0.04496917224189949,0.013138879141004986
hist_gradient_boosting,technical_plus_realtime_index,3,volatility_20d,0.07714810442083175,0.036455010559950166
hist_gradient_boosting,technical_plus_realtime_index,3,momentum_5d,0.01188508461235741,0.005128593500707063
hist_gradient_boosting,technical_plus_realtime_index,3,momentum_10d,0.005102977830250566,0.00553844224541176
hist_gradient_boosting,technical_plus_realtime_index,3,momentum_20d,0.003043421225239462,0.0051964612685763455
hist_gradient_boosting,technical_plus_realtime_index,3,HS300,-0.0021120293847566194,0.004807581308616512
hist_gradient_boosting,technical_plus_realtime_index,3,SSE,0.0012462285189558276,0.004846014619635917
hist_gradient_boosting,technical_plus_realtime_index,3,CYB,-0.0001049455594909987,0.0018457071847788747
hist_gradient_boosting,technical_plus_realtime_index,3,realtime_sentiment_lag1,-0.0048668503213957545,0.005371880804743919
hist_gradient_boosting,technical_plus_realtime_index,3,realtime_sentiment_change_lag1,-0.009786173422537014,0.008753719483848583
hist_gradient_boosting,technical_plus_realtime_index,4,return_lag_1,-0.01521767381416505,0.024599497396906377
hist_gradient_boosting,technical_plus_realtime_index,4,return_lag_2,0.021247563352826505,0.00888080105055189
hist_gradient_boosting,technical_plus_realtime_index,4,return_lag_5,0.00258609486679664,0.008374648535421069
hist_gradient_boosting,technical_plus_realtime_index,4,return_lag_10,-0.002949967511370999,0.011581280772200005
hist_gradient_boosting,technical_plus_realtime_index,4,return_lag_20,0.014567901234567915,0.010320295151220437
hist_gradient_boosting,technical_plus_realtime_index,4,volatility_5d,0.006159844054580926,0.008745890646907018
hist_gradient_boosting,technical_plus_realtime_index,4,volatility_10d,-0.026913580246913593,0.010092949082720388
hist_gradient_boosting,technical_plus_realtime_index,4,volatility_20d,0.03785575048732944,0.011640914688012025
hist_gradient_boosting,technical_plus_realtime_index,4,momentum_5d,-0.0028200129954515873,0.013613757461552686
hist_gradient_boosting,technical_plus_realtime_index,4,momentum_10d,0.0030409356725146163,0.004494322448561111
hist_gradient_boosting,technical_plus_realtime_index,4,momentum_20d,-0.01074723846653669,0.012797194661508969
hist_gradient_boosting,technical_plus_realtime_index,4,HS300,0.0018843404808317088,0.009464445626409523
hist_gradient_boosting,technical_plus_realtime_index,4,SSE,-0.0022612085769980416,0.020418761883150394
hist_gradient_boosting,technical_plus_realtime_index,4,CYB,-0.0002988953866147004,0.004109543172861793
hist_gradient_boosting,technical_plus_realtime_index,4,realtime_sentiment_lag1,-0.04836907082521117,0.014213103483618438
hist_gradient_boosting,technical_plus_realtime_index,4,realtime_sentiment_change_lag1,0.0077712800519818045,0.008121647807285396
hist_gradient_boosting,technical_plus_realtime_index,5,return_lag_1,-0.037291666666666626,0.011354017344201595
hist_gradient_boosting,technical_plus_realtime_index,5,return_lag_2,-0.04588541666666663,0.01591220419010201
hist_gradient_boosting,technical_plus_realtime_index,5,return_lag_5,0.0011848958333333715,0.010111655904138442
hist_gradient_boosting,technical_plus_realtime_index,5,return_lag_10,0.0029427083333334048,0.00836201120166707
hist_gradient_boosting,technical_plus_realtime_index,5,return_lag_20,-0.01872395833333331,0.010479271505853966
hist_gradient_boosting,technical_plus_realtime_index,5,volatility_5d,-0.002955729166666621,0.001754723365864777
hist_gradient_boosting,technical_plus_realtime_index,5,volatility_10d,-0.018268229166666622,0.005834452203894663
hist_gradient_boosting,technical_plus_realtime_index,5,volatility_20d,-0.04739583333333331,0.020809556744671963
hist_gradient_boosting,technical_plus_realtime_index,5,momentum_5d,-0.03230468749999996,0.015594202504359174
hist_gradient_boosting,technical_plus_realtime_index,5,momentum_10d,-0.006328124999999946,0.006396715465768347
hist_gradient_boosting,technical_plus_realtime_index,5,momentum_20d,-0.007721354166666616,0.01341057971434271
hist_gradient_boosting,technical_plus_realtime_index,5,HS300,-0.025143229166666607,0.014925811408141487
hist_gradient_boosting,technical_plus_realtime_index,5,SSE,-0.004192708333333284,0.02248165183107816
hist_gradient_boosting,technical_plus_realtime_index,5,CYB,0.005755208333333378,0.006071339668029085
hist_gradient_boosting,technical_plus_realtime_index,5,realtime_sentiment_lag1,-0.007395833333333296,0.004568735631342357
hist_gradient_boosting,technical_plus_realtime_index,5,realtime_sentiment_change_lag1,-0.012916666666666621,0.01210626640207115
logistic,technical_plus_realtime_channels,1,return_lag_1,0.0014470284237725673,0.000945538731965468
logistic,technical_plus_realtime_channels,1,return_lag_2,0.009457364341085222,0.002799655448223632
logistic,technical_plus_realtime_channels,1,return_lag_5,-0.004134366925064648,0.002657230465271727
logistic,technical_plus_realtime_channels,1,return_lag_10,0.0035788113695089997,0.0025397046718841332
logistic,technical_plus_realtime_channels,1,return_lag_20,-0.002971576227390227,0.003270546218562642
logistic,technical_plus_realtime_channels,1,volatility_5d,-0.007428940568475489,0.004753486152758235
logistic,technical_plus_realtime_channels,1,volatility_10d,-5.551115123125783e-17,0.0025198767150666655
logistic,technical_plus_realtime_channels,1,volatility_20d,-0.0007493540051680125,0.00727512943959616
logistic,technical_plus_realtime_channels,1,momentum_5d,-0.010090439276485851,0.006445060363572404
logistic,technical_plus_realtime_channels,1,momentum_10d,-0.017726098191214512,0.016348422877036358
logistic,technical_plus_realtime_channels,1,momentum_20d,0.0008010335917312094,0.0019421144624406877
logistic,technical_plus_realtime_channels,1,HS300,0.0031782945736433645,0.005806828824346884
logistic,technical_plus_realtime_channels,1,SSE,0.006007751937984468,0.006893040323462542
logistic,technical_plus_realtime_channels,1,CYB,-0.006291989664082736,0.0057524887659386485
logistic,technical_plus_realtime_channels,1,realtime_sentiment_lag1,-0.03326873385012925,0.022057729791838614
logistic,technical_plus_realtime_channels,1,realtime_sentiment_change_lag1,0.0027390180878552493,0.009131872148888215
logistic,technical_plus_realtime_channels,1,policy_support_lag1,-0.0002842377260982465,0.015560490945752573
logistic,technical_plus_realtime_channels,1,company_sentiment_lag1,-0.03196382428940574,0.02134898670552532
logistic,technical_plus_realtime_channels,1,confidence_balance_lag1,-0.04621447028423778,0.030670759762518512
logistic,technical_plus_realtime_channels,1,signed_breadth_lag1,-0.10492248062015512,0.02982288578069563
logistic,technical_plus_realtime_channels,1,risk_impulse_lag1,-0.005374677002584044,0.011624346282270152
logistic,technical_plus_realtime_channels,2,return_lag_1,0.0001420637995609042,0.0008177278118701556
logistic,technical_plus_realtime_channels,2,return_lag_2,-0.0004003616169443447,0.0012673055420615465
logistic,technical_plus_realtime_channels,2,return_lag_5,0.00021955314477590805,0.0007531718099869826
logistic,technical_plus_realtime_channels,2,return_lag_10,-0.0003874467260751746,0.0012574621149051444
logistic,technical_plus_realtime_channels,2,return_lag_20,1.2914890869175632e-05,0.0003239038151616679
logistic,technical_plus_realtime_channels,2,volatility_5d,-3.874467260751579e-05,0.0005834615522705057
logistic,technical_plus_realtime_channels,2,volatility_10d,0.004481467131602762,0.0012019177807880825
logistic,technical_plus_realtime_channels,2,volatility_20d,0.016905592147746357,0.0033917021388427246
logistic,technical_plus_realtime_channels,2,momentum_5d,-0.000374531835205999,0.0010127283957182252
logistic,technical_plus_realtime_channels,2,momentum_10d,-0.00789099832106419,0.004516317209322376
logistic,technical_plus_realtime_channels,2,momentum_20d,0.0025442335012269,0.0038843775274652833
logistic,technical_plus_realtime_channels,2,HS300,-0.0008523827973653697,0.0003616169443368226
logistic,technical_plus_realtime_channels,2,SSE,-0.00030995738086012634,0.0017971663475964293
logistic,technical_plus_realtime_channels,2,CYB,-0.00023246803564509478,0.0011121813323833596
logistic,technical_plus_realtime_channels,2,realtime_sentiment_lag1,-0.00557923285548238,0.0024881200089891266
logistic,technical_plus_realtime_channels,2,realtime_sentiment_change_lag1,-0.0009169572517112202,0.0023450042167927287
logistic,technical_plus_realtime_channels,2,policy_support_lag1,-0.07340823970037454,0.02504504707060947
logistic,technical_plus_realtime_channels,2,company_sentiment_lag1,-0.0020663825390675626,0.0014725241186867482
logistic,technical_plus_realtime_channels,2,confidence_balance_lag1,-0.00644453054371692,0.008381843772425839
logistic,technical_plus_realtime_channels,2,signed_breadth_lag1,0.000852382797365353,0.0017096505998577005
logistic,technical_plus_realtime_channels,2,risk_impulse_lag1,0.0008007232338886672,0.002960751055101219
logistic,technical_plus_realtime_channels,3,return_lag_1,0.002230093139184064,0.003588251971677647
logistic,technical_plus_realtime_channels,3,return_lag_2,0.015991079627443273,0.007239639300064054
logistic,technical_plus_realtime_channels,3,return_lag_5,-0.006322969959333569,0.003141143491319555
logistic,technical_plus_realtime_channels,3,return_lag_10,0.002151383969565779,0.002564732920865772
logistic,technical_plus_realtime_channels,3,return_lag_20,-0.0027154663518300206,0.0017531818481441325
logistic,technical_plus_realtime_channels,3,volatility_5d,-0.0003804276531549133,0.004074018012424536
logistic,technical_plus_realtime_channels,3,volatility_10d,-0.012711530893349065,0.01659588539318773
logistic,technical_plus_realtime_channels,3,volatility_20d,0.006545979273252034,0.013173496186515097
logistic,technical_plus_realtime_channels,3,momentum_5d,0.0005640823822642193,0.00038492459008582675
logistic,technical_plus_realtime_channels,3,momentum_10d,0.019729765184310643,0.013520296742536823
logistic,technical_plus_realtime_channels,3,momentum_20d,-0.005260396169487059,0.020071991420325553
logistic,technical_plus_realtime_channels,3,HS300,-0.0001836547291092727,0.0033239549053369092
logistic,technical_plus_realtime_channels,3,SSE,0.010704447068083444,0.010408971501437098
logistic,technical_plus_realtime_channels,3,CYB,-0.0049849140758231655,0.0062412836828399645
logistic,technical_plus_realtime_channels,3,realtime_sentiment_lag1,0.010691328873147055,0.008975424493902649
logistic,technical_plus_realtime_channels,3,realtime_sentiment_change_lag1,0.003017184835366671,0.005069125819331436
logistic,technical_plus_realtime_channels,3,policy_support_lag1,0.006270497179588097,0.04067058498354847
logistic,technical_plus_realtime_channels,3,company_sentiment_lag1,-0.002833530106257376,0.005458556418576932
logistic,technical_plus_realtime_channels,3,confidence_balance_lag1,0.022930604748786575,0.01619954202171163
logistic,technical_plus_realtime_channels,3,signed_breadth_lag1,-0.0001574183392364925,0.01718201121782126
logistic,technical_plus_realtime_channels,3,risk_impulse_lag1,-0.0025186934277843464,0.01650869456041046
logistic,technical_plus_realtime_channels,4,return_lag_1,0.0010136452241715777,0.009896836304762102
logistic,technical_plus_realtime_channels,4,return_lag_2,0.00861598440545811,0.011886548223597167
logistic,technical_plus_realtime_channels,4,return_lag_5,0.0005588044184535624,0.002604315734859348
logistic,technical_plus_realtime_channels,4,return_lag_10,-0.008538011695906367,0.007789263811561032
logistic,technical_plus_realtime_channels,4,return_lag_20,0.0010656270305393178,0.0072952534551158155
logistic,technical_plus_realtime_channels,4,volatility_5d,0.0016894087069525665,0.002899471351172344
logistic,technical_plus_realtime_channels,4,volatility_10d,-0.01261858349577647,0.018187546554822416
logistic,technical_plus_realtime_channels,4,volatility_20d,0.01940220922677066,0.03399889556984493
logistic,technical_plus_realtime_channels,4,momentum_5d,0.0004938271604938649,0.006329145158548533
logistic,technical_plus_realtime_channels,4,momentum_10d,-0.006211825860948617,0.011375704966429357
logistic,technical_plus_realtime_channels,4,momentum_20d,0.0034307992202729396,0.002062308972046997
logistic,technical_plus_realtime_channels,4,HS300,0.00041585445094219906,0.020197189544665747
logistic,technical_plus_realtime_channels,4,SSE,0.017011046133853226,0.019320565630779888
logistic,technical_plus_realtime_channels,4,CYB,-0.0007797270955165914,0.0005782610906117661
logistic,technical_plus_realtime_channels,4,realtime_sentiment_lag1,-0.0031708901884340166,0.017943815374670106
logistic,technical_plus_realtime_channels,4,realtime_sentiment_change_lag1,-0.0001559454191033316,0.0012901545051062573
logistic,technical_plus_realtime_channels,4,policy_support_lag1,-0.0001299545159194615,0.001516631003082058
logistic,technical_plus_realtime_channels,4,company_sentiment_lag1,-0.00036387264457435895,0.0077989601808930095
logistic,technical_plus_realtime_channels,4,confidence_balance_lag1,-0.012761533463287811,0.012323745092713185
logistic,technical_plus_realtime_channels,4,signed_breadth_lag1,0.03862248213125409,0.013942466264297137
logistic,technical_plus_realtime_channels,4,risk_impulse_lag1,0.009096816114359996,0.011667426157513015
logistic,technical_plus_realtime_channels,5,return_lag_1,-0.011210937499999973,0.00974258566971234
logistic,technical_plus_realtime_channels,5,return_lag_2,0.0069010416666666855,0.014774486611862266
logistic,technical_plus_realtime_channels,5,return_lag_5,0.0005078125000000377,0.0026425876684612677
logistic,technical_plus_realtime_channels,5,return_lag_10,0.0072786458333333635,0.005268677120928995
logistic,technical_plus_realtime_channels,5,return_lag_20,0.013619791666666659,0.006705210841618292
logistic,technical_plus_realtime_channels,5,volatility_5d,0.012226562500000005,0.006502716800853381
logistic,technical_plus_realtime_channels,5,volatility_10d,-0.0036848958333333126,0.002580655586741159
logistic,technical_plus_realtime_channels,5,volatility_20d,-0.017096354166666654,0.032456320077064754
logistic,technical_plus_realtime_channels,5,momentum_5d,0.0013671875000000333,0.0054158684558104275
logistic,technical_plus_realtime_channels,5,momentum_10d,0.02356770833333336,0.007371447840999046
logistic,technical_plus_realtime_channels,5,momentum_20d,-0.012252604166666636,0.004036227311937294
logistic,technical_plus_realtime_channels,5,HS300,0.004192708333333311,0.02143672114008689
logistic,technical_plus_realtime_channels,5,SSE,0.03825520833333336,0.02707317768326785
logistic,technical_plus_realtime_channels,5,CYB,-0.0004687499999999845,0.0009482886175017161
logistic,technical_plus_realtime_channels,5,realtime_sentiment_lag1,-0.01700520833333332,0.012767615953814456
logistic,technical_plus_realtime_channels,5,realtime_sentiment_change_lag1,-0.00013020833333330373,0.000480184607150662
logistic,technical_plus_realtime_channels,5,policy_support_lag1,0.00028645833333335036,0.001913486662247025
logistic,technical_plus_realtime_channels,5,company_sentiment_lag1,0.01071614583333334,0.023628421596224032
logistic,technical_plus_realtime_channels,5,confidence_balance_lag1,-0.010833333333333339,0.006028181790095931
logistic,technical_plus_realtime_channels,5,signed_breadth_lag1,0.018789062500000016,0.019082523245462835
logistic,technical_plus_realtime_channels,5,risk_impulse_lag1,0.01171875,0.011758180192201994
hist_gradient_boosting,technical_plus_realtime_channels,1,return_lag_1,-0.007661498708010384,0.01706718346253229
hist_gradient_boosting,technical_plus_realtime_channels,1,return_lag_2,-0.0032558139534884178,0.0045965789396507205
hist_gradient_boosting,technical_plus_realtime_channels,1,return_lag_5,0.0010594315245477548,0.002427978257886176
hist_gradient_boosting,technical_plus_realtime_channels,1,return_lag_10,0.0030232558139534293,0.0029979728610453346
hist_gradient_boosting,technical_plus_realtime_channels,1,return_lag_20,-0.008397932816537512,0.0053360893666225435
hist_gradient_boosting,technical_plus_realtime_channels,1,volatility_5d,0.0062790697674417915,0.007429603385777999
hist_gradient_boosting,technical_plus_realtime_channels,1,volatility_10d,-0.0015503875968992942,0.00554563142208224
hist_gradient_boosting,technical_plus_realtime_channels,1,volatility_20d,0.004250645994831997,0.01615250107779735
hist_gradient_boosting,technical_plus_realtime_channels,1,momentum_5d,-0.004948320413436724,0.0030508743114817617
hist_gradient_boosting,technical_plus_realtime_channels,1,momentum_10d,-0.006188630490956132,0.011971167959502987
hist_gradient_boosting,technical_plus_realtime_channels,1,momentum_20d,0.0,0.0
hist_gradient_boosting,technical_plus_realtime_channels,1,HS300,0.0029586563307492987,0.0012585464895944062
hist_gradient_boosting,technical_plus_realtime_channels,1,SSE,0.0300258397932816,0.009164242158240675
hist_gradient_boosting,technical_plus_realtime_channels,1,CYB,0.005904392764857813,0.00294621805754954
hist_gradient_boosting,technical_plus_realtime_channels,1,realtime_sentiment_lag1,-0.00034883720930237725,0.00388631264087417
hist_gradient_boosting,technical_plus_realtime_channels,1,realtime_sentiment_change_lag1,-0.018733850129199047,0.013663852042758983
hist_gradient_boosting,technical_plus_realtime_channels,1,policy_support_lag1,-0.0012015503875969613,0.013394144770349925
hist_gradient_boosting,technical_plus_realtime_channels,1,company_sentiment_lag1,0.0004780361757105278,0.002209302325581388
hist_gradient_boosting,technical_plus_realtime_channels,1,confidence_balance_lag1,-0.024457364341085343,0.018842777858565283
hist_gradient_boosting,technical_plus_realtime_channels,1,signed_breadth_lag1,-0.009599483204134418,0.007021116907866081
hist_gradient_boosting,technical_plus_realtime_channels,1,risk_impulse_lag1,0.0,0.0
hist_gradient_boosting,technical_plus_realtime_channels,2,return_lag_1,0.016634379439493762,0.004797599490663811
hist_gradient_boosting,technical_plus_realtime_channels,2,return_lag_2,0.010964742347927159,0.004378300390090229
hist_gradient_boosting,technical_plus_realtime_channels,2,return_lag_5,0.019385251194627418,0.008923516719976151
hist_gradient_boosting,technical_plus_realtime_channels,2,return_lag_10,0.018519953506392885,0.010196091636046987
hist_gradient_boosting,technical_plus_realtime_channels,2,return_lag_20,-0.0003099573808601153,0.003584760553843631
hist_gradient_boosting,technical_plus_realtime_channels,2,volatility_5d,0.018481208833785366,0.027348326632533365
hist_gradient_boosting,technical_plus_realtime_channels,2,volatility_10d,0.0054242541650523,0.005850602364944514
hist_gradient_boosting,technical_plus_realtime_channels,2,volatility_20d,0.0017305953764691017,0.0069774363808186605
hist_gradient_boosting,technical_plus_realtime_channels,2,momentum_5d,0.0094407852253649,0.0032433865638050153
hist_gradient_boosting,technical_plus_realtime_channels,2,momentum_10d,-0.0009040423608420057,0.0013233825088414856
hist_gradient_boosting,technical_plus_realtime_channels,2,momentum_20d,0.004300658659434331,0.006534232845859996
hist_gradient_boosting,technical_plus_realtime_channels,2,HS300,-0.0025958930647035695,0.004468421596864124
hist_gradient_boosting,technical_plus_realtime_channels,2,SSE,0.010138189332300119,0.008639328379086104
hist_gradient_boosting,technical_plus_realtime_channels,2,CYB,0.0031124886994704838,0.004426417524083932
hist_gradient_boosting,technical_plus_realtime_channels,2,realtime_sentiment_lag1,-0.0036678290068449027,0.005033229737018196
hist_gradient_boosting,technical_plus_realtime_channels,2,realtime_sentiment_change_lag1,-0.00671574325196953,0.004373554904048852
hist_gradient_boosting,technical_plus_realtime_channels,2,policy_support_lag1,0.0,0.0
hist_gradient_boosting,technical_plus_realtime_channels,2,company_sentiment_lag1,0.042425416505230504,0.009107379220641997
hist_gradient_boosting,technical_plus_realtime_channels,2,confidence_balance_lag1,0.02065091049980624,0.007674847082641147
hist_gradient_boosting,technical_plus_realtime_channels,2,signed_breadth_lag1,-0.022058633604546053,0.0063203317237565965
hist_gradient_boosting,technical_plus_realtime_channels,2,risk_impulse_lag1,0.0,0.0
hist_gradient_boosting,technical_plus_realtime_channels,3,return_lag_1,0.002807293716384618,0.004714599688886481
hist_gradient_boosting,technical_plus_realtime_channels,3,return_lag_2,0.009038436311163578,0.004261879258601478
hist_gradient_boosting,technical_plus_realtime_channels,3,return_lag_5,-0.009602518693427774,0.004377547743522736
hist_gradient_boosting,technical_plus_realtime_channels,3,return_lag_10,-0.0073986619441164915,0.00638094676603238
hist_gradient_boosting,technical_plus_realtime_channels,3,return_lag_20,-0.0041191132100223075,0.0046842059885025605
hist_gradient_boosting,technical_plus_realtime_channels,3,volatility_5d,-0.0015741833923652027,0.0034112351921040856
hist_gradient_boosting,technical_plus_realtime_channels,3,volatility_10d,-0.04939000393545846,0.012713994546740279
hist_gradient_boosting,technical_plus_realtime_channels,3,volatility_20d,0.07847304210940576,0.03437426680117597
hist_gradient_boosting,technical_plus_realtime_channels,3,momentum_5d,0.009110586383313657,0.004799847858019468
hist_gradient_boosting,technical_plus_realtime_channels,3,momentum_10d,0.007647907647907648,0.0061608188801544825
hist_gradient_boosting,technical_plus_realtime_channels,3,momentum_20d,0.0019283746556473802,0.004202349814864909
hist_gradient_boosting,technical_plus_realtime_channels,3,HS300,-0.0009313918404826871,0.0042594558772560236
hist_gradient_boosting,technical_plus_realtime_channels,3,SSE,0.0011937557392102782,0.006206847283207284
hist_gradient_boosting,technical_plus_realtime_channels,3,CYB,-0.00019677292404568503,0.002062729265842378
hist_gradient_boosting,technical_plus_realtime_channels,3,realtime_sentiment_lag1,-0.00041978223796407255,0.00127158555068112
hist_gradient_boosting,technical_plus_realtime_channels,3,realtime_sentiment_change_lag1,0.00020989111898206403,0.004370229727204325
hist_gradient_boosting,technical_plus_realtime_channels,3,policy_support_lag1,0.0,0.0
hist_gradient_boosting,technical_plus_realtime_channels,3,company_sentiment_lag1,-0.006742752197297641,0.005874608329636914
hist_gradient_boosting,technical_plus_realtime_channels,3,confidence_balance_lag1,0.0,0.0
hist_gradient_boosting,technical_plus_realtime_channels,3,signed_breadth_lag1,-0.0008526826708645019,0.0014587173234308969
hist_gradient_boosting,technical_plus_realtime_channels,3,risk_impulse_lag1,0.0,0.0
hist_gradient_boosting,technical_plus_realtime_channels,4,return_lag_1,-0.0018973359324236216,0.012415275259780667
hist_gradient_boosting,technical_plus_realtime_channels,4,return_lag_2,0.01306042884990256,0.0059357356421620685
hist_gradient_boosting,technical_plus_realtime_channels,4,return_lag_5,0.003664717348927915,0.003747920682544352
hist_gradient_boosting,technical_plus_realtime_channels,4,return_lag_10,0.0010136452241715833,0.012462739709091862
hist_gradient_boosting,technical_plus_realtime_channels,4,return_lag_20,0.0028589993502274535,0.007336620148928866
hist_gradient_boosting,technical_plus_realtime_channels,4,volatility_5d,-0.0027940220922676893,0.005043256663886618
hist_gradient_boosting,technical_plus_realtime_channels,4,volatility_10d,-0.013697205977907707,0.0071894803448373824
hist_gradient_boosting,technical_plus_realtime_channels,4,volatility_20d,0.018648473034437958,0.008300065830816302
hist_gradient_boosting,technical_plus_realtime_channels,4,momentum_5d,0.0022092267706303017,0.007249319052407387
hist_gradient_boosting,technical_plus_realtime_channels,4,momentum_10d,0.0008057179987004948,0.010908255424138253
hist_gradient_boosting,technical_plus_realtime_channels,4,momentum_20d,-0.00566601689408705,0.0038433155528054814
hist_gradient_boosting,technical_plus_realtime_channels,4,HS300,-0.008070175438596483,0.005571230579562372
hist_gradient_boosting,technical_plus_realtime_channels,4,SSE,0.011708901884340522,0.01452999004508358
hist_gradient_boosting,technical_plus_realtime_channels,4,CYB,0.0011176088369071135,0.0017271732528484698
hist_gradient_boosting,technical_plus_realtime_channels,4,realtime_sentiment_lag1,-0.014022092267706277,0.0038018970441792877
hist_gradient_boosting,technical_plus_realtime_channels,4,realtime_sentiment_change_lag1,-0.015516569200779696,0.003841557483296348
hist_gradient_boosting,technical_plus_realtime_channels,4,policy_support_lag1,0.01104613385315143,0.00926531042651881
hist_gradient_boosting,technical_plus_realtime_channels,4,company_sentiment_lag1,-0.01989603638726442,0.01097841875047687
hist_gradient_boosting,technical_plus_realtime_channels,4,confidence_balance_lag1,-0.005497076023391783,0.009710489787888542
hist_gradient_boosting,technical_plus_realtime_channels,4,signed_breadth_lag1,-0.0660688758934373,0.018076874027553442
hist_gradient_boosting,technical_plus_realtime_channels,4,risk_impulse_lag1,0.0,0.0
hist_gradient_boosting,technical_plus_realtime_channels,5,return_lag_1,-0.024765624999999892,0.00591031101200948
hist_gradient_boosting,technical_plus_realtime_channels,5,return_lag_2,-0.023502604166666545,0.016342287061743236
hist_gradient_boosting,technical_plus_realtime_channels,5,return_lag_5,-0.00476562499999989,0.005993035689824816
hist_gradient_boosting,technical_plus_realtime_channels,5,return_lag_10,0.005247395833333429,0.006321222336998376
hist_gradient_boosting,technical_plus_realtime_channels,5,return_lag_20,-0.008776041666666585,0.00795789190802385
hist_gradient_boosting,technical_plus_realtime_channels,5,volatility_5d,-0.005299479166666565,0.0044446839162101725
hist_gradient_boosting,technical_plus_realtime_channels,5,volatility_10d,-0.01028645833333322,0.0054792805358889925
hist_gradient_boosting,technical_plus_realtime_channels,5,volatility_20d,-0.005976562499999893,0.025602047780044553
hist_gradient_boosting,technical_plus_realtime_channels,5,momentum_5d,-0.02451822916666656,0.010524837122341757
hist_gradient_boosting,technical_plus_realtime_channels,5,momentum_10d,0.00774739583333342,0.006128996291430161
hist_gradient_boosting,technical_plus_realtime_channels,5,momentum_20d,-0.02217447916666655,0.010544953850233723
hist_gradient_boosting,technical_plus_realtime_channels,5,HS300,-0.00490885416666656,0.012238204986662596
hist_gradient_boosting,technical_plus_realtime_channels,5,SSE,0.011835937500000098,0.019151822298760002
hist_gradient_boosting,technical_plus_realtime_channels,5,CYB,0.0015364583333334237,0.004112110279997489
hist_gradient_boosting,technical_plus_realtime_channels,5,realtime_sentiment_lag1,0.008632812500000097,0.0028228794297205932
hist_gradient_boosting,technical_plus_realtime_channels,5,realtime_sentiment_change_lag1,-0.0010677083333332227,0.007549793115381989
hist_gradient_boosting,technical_plus_realtime_channels,5,policy_support_lag1,0.013658854166666751,0.006353699713887435
hist_gradient_boosting,technical_plus_realtime_channels,5,company_sentiment_lag1,0.013671875000000128,0.011917157214189482
hist_gradient_boosting,technical_plus_realtime_channels,5,confidence_balance_lag1,0.016888020833333427,0.01137696756153708
hist_gradient_boosting,technical_plus_realtime_channels,5,signed_breadth_lag1,0.01768229166666675,0.0048053049795180065
hist_gradient_boosting,technical_plus_realtime_channels,5,risk_impulse_lag1,0.0,0.0
